method,transform,representation,metric,n,mean,std,median,min,max
BP,horizontal_flip,concat,bp_eq2_uniform,32,0.33878822019323707,0.048645550049370094,0.35268837213516235,0.21635575592517853,0.41121363639831543
BP,horizontal_flip,concat,full_normalized_distance,32,0.8209074394561711,0.0616957465527103,0.8398666646532722,0.6578081117243516,0.9068777606693368
BP,horizontal_flip,concat,bp_delta_from_original,32,-0.0009527229703962803,0.009355705959603338,0.0002993941307067871,-0.028150439262390137,0.011250406503677368
BP,horizontal_flip,concat,bp_ratio_to_original,32,0.9980087097204283,0.02565290223215669,1.001079802127364,0.9332577567725134,1.0356904504991593
BP,horizontal_flip,concat,cp_eq1_optimized,32,0.20339625189080834,0.022746478752103692,0.20252729207277298,0.16289156675338745,0.2585707902908325
BP,horizontal_flip,concat,cp_delta_from_original,32,0.001425035297870636,0.012582141180005748,0.002042531967163086,-0.02361758053302765,0.023237496614456177
BP,horizontal_flip,concat,cp_ratio_to_original,32,1.0095016531400973,0.06318216433951941,1.0101187607549162,0.901521599276481,1.1261551064132242
BP,horizontal_flip,concat,cp_coefficient_entropy,32,1.8660184890031815,0.31346513106769464,1.8325726985931396,1.2161697149276733,2.4698119163513184
BP,horizontal_flip,layer2_flat,bp_eq2_uniform,32,0.3408033982850611,0.06454006788839735,0.3493904024362564,0.18853403627872467,0.4512898623943329
BP,horizontal_flip,layer2_flat,full_normalized_distance,32,0.8216689710864765,0.08170378298226913,0.835930338001216,0.6140586882028861,0.9500419594884564
BP,horizontal_flip,layer2_flat,bp_delta_from_original,32,-0.00037910696119070053,0.011386409797810105,0.001015588641166687,-0.027978748083114624,0.020544052124023438
BP,horizontal_flip,layer2_flat,bp_ratio_to_original,32,1.000935796575384,0.030911897626756422,1.0027279677456016,0.9267027922640528,1.0476944377136963
BP,horizontal_flip,layer2_flat,cp_eq1_optimized,32,0.19854917284101248,0.024553812469102543,0.20101268589496613,0.1528906673192978,0.25074437260627747
BP,horizontal_flip,layer2_flat,cp_delta_from_original,32,0.003556275274604559,0.010532966204633416,0.006997391581535339,-0.017374560236930847,0.02359709143638611
BP,horizontal_flip,layer2_flat,cp_ratio_to_original,32,1.0206247672824853,0.05649058377810192,1.0354373104687984,0.9138349569274018,1.1335032585573859
BP,horizontal_flip,layer2_flat,cp_coefficient_entropy,32,2.098793886601925,0.2654574684255393,2.0969583988189697,1.5496280193328857,2.5790534019470215
BP,horizontal_flip,layer3_flat,bp_eq2_uniform,32,0.34052924904972315,0.0340215166992236,0.3488539755344391,0.24615949392318726,0.4028922915458679
BP,horizontal_flip,layer3_flat,full_normalized_distance,32,0.8242134233500615,0.0422677287898383,0.8352883360830397,0.7016544647092147,0.897655046825748
BP,horizontal_flip,layer3_flat,bp_delta_from_original,32,-0.0016618110239505768,0.01151717630956516,-6.110966205596924e-05,-0.028863072395324707,0.02621525526046753
BP,horizontal_flip,layer3_flat,bp_ratio_to_original,32,0.9954337878870434,0.03326847851559871,0.9998566569163869,0.9243444131730806,1.0730030753580242
BP,horizontal_flip,layer3_flat,cp_eq1_optimized,32,0.20236798655241728,0.031677398319647665,0.20431610196828842,0.14944420754909515,0.2690750062465668
BP,horizontal_flip,layer3_flat,cp_delta_from_original,32,-0.0005067447200417519,0.017038475123606556,-0.003353431820869446,-0.029886052012443542,0.0328054279088974
BP,horizontal_flip,layer3_flat,cp_ratio_to_original,32,1.0010436967207998,0.08447140691880574,0.9840564569639771,0.8475342194647169,1.1714942390839005
BP,horizontal_flip,layer3_flat,cp_coefficient_entropy,32,1.6958071999251842,0.4224536890459786,1.6868406534194946,0.7527550458908081,2.4522173404693604
BP,horizontal_flip,layer4_pooled,bp_eq2_uniform,32,0.45674256701022387,0.06410760334597859,0.45222172141075134,0.3096071481704712,0.6521615386009216
BP,horizontal_flip,layer4_pooled,full_normalized_distance,32,0.9535026693226429,0.06676134570276196,0.951021930265033,0.7869017069119513,1.1420696463884519
BP,horizontal_flip,layer4_pooled,bp_delta_from_original,32,-0.003853599540889263,0.024684589906699087,0.001593559980392456,-0.09051403403282166,0.048899441957473755
BP,horizontal_flip,layer4_pooled,bp_ratio_to_original,32,0.9909714579778973,0.05752324173999754,1.003586613832279,0.773783448468851,1.1056108582429154
BP,horizontal_flip,layer4_pooled,cp_eq1_optimized,32,0.09496859373757616,0.057973947051998494,0.07653044909238815,0.017685770988464355,0.24199534952640533
BP,horizontal_flip,layer4_pooled,cp_delta_from_original,32,-0.0011073348578065634,0.023628088022994986,0.0027764281257987022,-0.06061304360628128,0.03388826921582222
BP,horizontal_flip,layer4_pooled,cp_ratio_to_original,32,1.0137652900765866,0.3376735481894349,1.0180929263539196,0.2985971425062066,1.8883107637765992
BP,horizontal_flip,layer4_pooled,cp_coefficient_entropy,32,0.4606432458385825,0.49955855990035897,0.3640769422054291,-0.0,1.704551339149475
BP,original,concat,bp_eq2_uniform,32,0.33974094316363335,0.049961857862412015,0.3558211922645569,0.22012899816036224,0.42177844047546387
BP,original,concat,full_normalized_distance,32,0.8219603459873055,0.06314816945071575,0.843588941257688,0.6635194016159018,0.9184535268324292
BP,original,concat,bp_delta_from_original,32,0.0,0.0,0.0,0.0,0.0
BP,original,concat,bp_ratio_to_original,32,1.0,0.0,1.0,1.0,1.0
BP,original,concat,cp_eq1_optimized,32,0.20197121985256672,0.022961858166080974,0.20085475593805313,0.1452932059764862,0.24516960978507996
BP,original,concat,cp_delta_from_original,32,3.259629011154175e-09,1.0526085083035042e-08,0.0,-1.4901161193847656e-08,2.9802322387695312e-08
BP,original,concat,cp_ratio_to_original,32,1.0000000153427153,5.176398404814664e-08,1.0,0.999999910212784,1.0000001545073622
BP,original,concat,cp_coefficient_entropy,32,1.888938270509243,0.3080814230117237,1.8602139353752136,1.2965794801712036,2.4784035682678223
BP,original,layer2_flat,bp_eq2_uniform,32,0.3411825052462518,0.06667008070890502,0.3525349050760269,0.18275943398475647,0.4521275460720062
BP,original,layer2_flat,full_normalized_distance,32,0.8218297639057435,0.08476669858067487,0.8396839684934627,0.6045815643645719,0.9509232840476736
BP,original,layer2_flat,bp_delta_from_original,32,0.0,0.0,0.0,0.0,0.0
BP,original,layer2_flat,bp_ratio_to_original,32,1.0,0.0,1.0,1.0,1.0
BP,original,layer2_flat,cp_eq1_optimized,32,0.1949929022230208,0.02527733072745559,0.1980803683400154,0.14441624283790588,0.24041450023651123
BP,original,layer2_flat,cp_delta_from_original,32,4.6566128730773926e-09,1.5345185634536983e-08,0.0,-2.9802322387695312e-08,4.470348358154297e-08
BP,original,layer2_flat,cp_ratio_to_original,32,1.000000025868745,7.934767196334512e-08,1.0,0.9999998649498644,1.000000262180101
BP,original,layer2_flat,cp_coefficient_entropy,32,2.0764597840607166,0.2576221524351543,2.06748366355896,1.5057915449142456,2.5840957164764404
BP,original,layer3_flat,bp_eq2_uniform,32,0.3421910600736737,0.03339073104057187,0.3512707054615021,0.24838578701019287,0.3992100656032562
BP,original,layer3_flat,full_normalized_distance,32,0.8262728700852429,0.04133593994692478,0.8381756733450929,0.7048202423457954,0.893543581033691
BP,original,layer3_flat,bp_delta_from_original,32,0.0,0.0,0.0,0.0,0.0
BP,original,layer3_flat,bp_ratio_to_original,32,1.0,0.0,1.0,1.0,1.0
BP,original,layer3_flat,cp_eq1_optimized,32,0.20287473360076547,0.031183661379453515,0.20847303420305252,0.1350076049566269,0.2546057105064392
BP,original,layer3_flat,cp_delta_from_original,32,2.3283064365386963e-09,1.4217006167340608e-08,0.0,-2.9802322387695312e-08,4.470348358154297e-08
BP,original,layer3_flat,cp_ratio_to_original,32,1.0000000108390585,6.975456793412507e-08,1.0,0.999999832984131,1.000000195220609
BP,original,layer3_flat,cp_coefficient_entropy,32,1.7146925292909145,0.3952476769272365,1.7526920437812805,0.8597232103347778,2.3066015243530273
BP,original,layer4_pooled,bp_eq2_uniform,32,0.46059616655111313,0.05780613662928204,0.44831177592277527,0.38778334856033325,0.6408292651176453
BP,original,layer4_pooled,full_normalized_distance,32,0.9580636895083305,0.05842049969780148,0.9468996288009558,0.8806626466023562,1.1321035863538682
BP,original,layer4_pooled,bp_delta_from_original,32,0.0,0.0,0.0,0.0,0.0
BP,original,layer4_pooled,bp_ratio_to_original,32,1.0,0.0,1.0,1.0,1.0
BP,original,layer4_pooled,cp_eq1_optimized,32,0.0960759277222678,0.053478836052070475,0.08144191652536392,0.0245150625705719,0.23609453439712524
BP,original,layer4_pooled,cp_delta_from_original,32,-8.731149137020111e-10,8.316345731478857e-09,0.0,-2.2351741790771484e-08,1.4901161193847656e-08
BP,original,layer4_pooled,cp_ratio_to_original,32,0.9999999914818354,9.714964304897765e-08,1.0,0.9999997958337287,1.000000211901557
BP,original,layer4_pooled,cp_coefficient_entropy,32,0.41634166426956654,0.4966762826973923,0.19413267821073532,-0.0,1.6482558250427246
BP,rotate_+10,concat,bp_eq2_uniform,32,0.35268821101635695,0.04098968958719806,0.36533769965171814,0.24241307377815247,0.4037187993526459
BP,rotate_+10,concat,full_normalized_distance,32,0.8383928802700404,0.0505331609574909,0.854789633944826,0.6962945838912614,0.8985753161005992
BP,rotate_+10,concat,bp_delta_from_original,32,0.012947267852723598,0.02233830340379364,0.010987430810928345,-0.027648895978927612,0.06231680512428284
BP,rotate_+10,concat,bp_ratio_to_original,32,1.0453552262605652,0.07435236305790406,1.0307951458200661,0.9231221293845538,1.2019747305192383
BP,rotate_+10,concat,cp_eq1_optimized,32,0.2023344268091023,0.02119223661322,0.20064030587673187,0.16090616583824158,0.24286842346191406
BP,rotate_+10,concat,cp_delta_from_original,32,0.00036321021616458893,0.01019940406130243,-0.0015948116779327393,-0.023853853344917297,0.0219590961933136
BP,rotate_+10,concat,cp_ratio_to_original,32,1.0042644788921504,0.05275599923962507,0.9931633749922982,0.8947047258872942,1.1187900719497137
BP,rotate_+10,concat,cp_coefficient_entropy,32,1.8302924558520317,0.2817510340857746,1.8223163485527039,1.239232063293457,2.357722520828247
BP,rotate_+10,layer2_flat,bp_eq2_uniform,32,0.3551518335007131,0.0525864204695421,0.3726651072502136,0.21485067903995514,0.42171940207481384
BP,rotate_+10,layer2_flat,full_normalized_distance,32,0.8403529084210681,0.06514029571716426,0.8633166342994163,0.6555161005497198,0.918389244356459
BP,rotate_+10,layer2_flat,bp_delta_from_original,32,0.013969328254461288,0.026448417998783075,0.01416422426700592,-0.035904496908187866,0.06831344962120056
BP,rotate_+10,layer2_flat,bp_ratio_to_original,32,1.0546304230543408,0.09333641058073194,1.0394326218467285,0.8992000461852538,1.2407565075957512
BP,rotate_+10,layer2_flat,cp_eq1_optimized,32,0.20071775885298848,0.019492371269222656,0.20236573368310928,0.1680862456560135,0.2391698807477951
BP,rotate_+10,layer2_flat,cp_delta_from_original,32,0.005724861286580563,0.013526955643138083,0.0028577297925949097,-0.030492782592773438,0.02909715473651886
BP,rotate_+10,layer2_flat,cp_ratio_to_original,32,1.0361642323218367,0.07850514241612765,1.0140713367054213,0.8529002255813583,1.2014811988377243
BP,rotate_+10,layer2_flat,cp_coefficient_entropy,32,2.0391427278518677,0.2509704282361435,2.0400248765945435,1.5811117887496948,2.513648509979248
BP,rotate_+10,layer3_flat,bp_eq2_uniform,32,0.35277407709509134,0.0311648942784986,0.3581318110227585,0.2728002667427063,0.4046849310398102
BP,rotate_+10,layer3_flat,full_normalized_distance,32,0.8391525894151205,0.037620665125306874,0.8463235105977851,0.7386477736278724,0.8996498552657142
BP,rotate_+10,layer3_flat,bp_delta_from_original,32,0.010583017021417618,0.019237810126169843,0.006619498133659363,-0.027264654636383057,0.05550163984298706
BP,rotate_+10,layer3_flat,bp_ratio_to_original,32,1.0335700517818793,0.05923068581452387,1.0188640962462383,0.9293131168153863,1.1718286509451814
BP,rotate_+10,layer3_flat,cp_eq1_optimized,32,0.1982500241138041,0.033421484740279186,0.19787899404764175,0.12322677671909332,0.26255002617836
BP,rotate_+10,layer3_flat,cp_delta_from_original,32,-0.004624707158654928,0.00887053535267104,-0.004526965320110321,-0.022188425064086914,0.013364553451538086
BP,rotate_+10,layer3_flat,cp_ratio_to_original,32,0.9759416350116381,0.04404745262910482,0.9788898831538535,0.8947079099817873,1.0747952113314128
BP,rotate_+10,layer3_flat,cp_coefficient_entropy,32,1.6662406995892525,0.38135224028581893,1.7237915396690369,0.8245392441749573,2.28615665435791
BP,rotate_+10,layer4_pooled,bp_eq2_uniform,32,0.48421852849423885,0.06894323192147084,0.47018495202064514,0.341930627822876,0.7345367074012756
BP,rotate_+10,layer4_pooled,full_normalized_distance,32,0.9818464379746743,0.06750582655796555,0.9697266415490324,0.8269590410931801,1.2120533877690995
BP,rotate_+10,layer4_pooled,bp_delta_from_original,32,0.023622361943125725,0.03838311877786002,0.015858128666877747,-0.05418282747268677,0.16087684035301208
BP,rotate_+10,layer4_pooled,bp_ratio_to_original,32,1.052771165022113,0.0907463371342562,1.0340775038074823,0.8632138677740167,1.3857359342166164
BP,rotate_+10,layer4_pooled,cp_eq1_optimized,32,0.09915181010728702,0.0530299557597035,0.0974891185760498,0.02097843587398529,0.23017501831054688
BP,rotate_+10,layer4_pooled,cp_delta_from_original,32,0.0030758815119042993,0.020266565203020934,0.0007714573293924332,-0.033139295876026154,0.054844293743371964
BP,rotate_+10,layer4_pooled,cp_ratio_to_original,32,1.075911607648898,0.345460807261557,1.006862075380756,0.6115838320337921,2.492208960154364
BP,rotate_+10,layer4_pooled,cp_coefficient_entropy,32,0.4163243197835982,0.5298823393489562,0.11139097809791565,-0.0,1.864585280418396
BP,rotate_-10,concat,bp_eq2_uniform,32,0.3445996344089508,0.038324228578245634,0.353254035115242,0.25032123923301697,0.4100258946418762
BP,rotate_-10,concat,full_normalized_distance,32,0.8288749005310652,0.047281374222903814,0.8405399813200456,0.7075609362210677,0.9055671092104397
BP,rotate_-10,concat,bp_delta_from_original,32,0.004858691245317459,0.017641932241600097,0.0032848715782165527,-0.021128863096237183,0.061814725399017334
BP,rotate_-10,concat,bp_ratio_to_original,32,1.0216441575954396,0.0654776954501836,1.0094300152731837,0.9453923098165421,1.2401373471720878
BP,rotate_-10,concat,cp_eq1_optimized,32,0.20478513231500983,0.020250445145320144,0.20219680666923523,0.17180883884429932,0.2448192536830902
BP,rotate_-10,concat,cp_delta_from_original,32,0.0028139157220721245,0.01219260616768422,0.0014783143997192383,-0.019185245037078857,0.041862159967422485
BP,rotate_-10,concat,cp_ratio_to_original,32,1.0178289201602648,0.06891563253313876,1.0073969278040837,0.9022472354574111,1.2881219371944288
BP,rotate_-10,concat,cp_coefficient_entropy,32,1.8727737367153168,0.27700369737917946,1.835338830947876,1.3091833591461182,2.4395382404327393
BP,rotate_-10,layer2_flat,bp_eq2_uniform,32,0.3445120947435498,0.04910009586920346,0.3504311293363571,0.23572200536727905,0.4304850101470947
BP,rotate_-10,layer2_flat,full_normalized_distance,32,0.8279378311528457,0.060476706114618986,0.8371745717219983,0.6866178054307637,0.9278847020477218
BP,rotate_-10,layer2_flat,bp_delta_from_original,32,0.0033295894972980022,0.0235142086245068,0.0020331591367721558,-0.03493228554725647,0.06953798234462738
BP,rotate_-10,layer2_flat,bp_ratio_to_original,32,1.0245552988524353,0.0934289452427065,1.0061082968097375,0.9153377024813886,1.3193914239290223
BP,rotate_-10,layer2_flat,cp_eq1_optimized,32,0.20030039455741644,0.019488728343571207,0.203182615339756,0.16330745816230774,0.23813480138778687
BP,rotate_-10,layer2_flat,cp_delta_from_original,32,0.00530749699100852,0.015497216885217715,0.005425803363323212,-0.02934439480304718,0.053294017910957336
BP,rotate_-10,layer2_flat,cp_ratio_to_original,32,1.0345688432838291,0.09060383437509091,1.0294765989703358,0.8779424919293256,1.3690306738514972
BP,rotate_-10,layer2_flat,cp_coefficient_entropy,32,2.0816937312483788,0.2262573927401828,2.0711859464645386,1.5881242752075195,2.57749080657959
BP,rotate_-10,layer3_flat,bp_eq2_uniform,32,0.34734252002090216,0.031226889824786153,0.35283327102661133,0.24835485219955444,0.41882336139678955
BP,rotate_-10,layer3_flat,full_normalized_distance,32,0.8326184806768311,0.03844064619254703,0.8400382287398855,0.70477635062416,0.9152304206010523
BP,rotate_-10,layer3_flat,bp_delta_from_original,32,0.005151459947228432,0.013467973823091466,0.0015060454607009888,-0.010701924562454224,0.05055642127990723
BP,rotate_-10,layer3_flat,bp_ratio_to_original,32,1.0165973895402836,0.042180636152818654,1.0042894525801276,0.9696580661085387,1.1617740066352613
BP,rotate_-10,layer3_flat,cp_eq1_optimized,32,0.202764845918864,0.032326710499487786,0.203730508685112,0.14367282390594482,0.25122275948524475
BP,rotate_-10,layer3_flat,cp_delta_from_original,32,-0.00010988535359501839,0.012017045216292082,0.0002899467945098877,-0.030400946736335754,0.02195456624031067
BP,rotate_-10,layer3_flat,cp_ratio_to_original,32,1.000691470045954,0.0626176221861653,1.0016650764623964,0.829629366735235,1.158835002333759
BP,rotate_-10,layer3_flat,cp_coefficient_entropy,32,1.6995081454515457,0.3638079287919354,1.7296279668807983,0.837632417678833,2.3406553268432617
BP,rotate_-10,layer4_pooled,bp_eq2_uniform,32,0.4913971209898591,0.06618499916833212,0.47582294046878815,0.40183645486831665,0.6965288519859314
BP,rotate_-10,layer4_pooled,full_normalized_distance,32,0.9893788368010917,0.06364221986628907,0.9755181716438599,0.8964780587034092,1.1802786552216653
BP,rotate_-10,layer4_pooled,bp_delta_from_original,32,0.030800954438745975,0.035830600211341254,0.018193066120147705,-0.015491724014282227,0.1179308295249939
BP,rotate_-10,layer4_pooled,bp_ratio_to_original,32,1.0690185104067997,0.08225830701482398,1.035298696399774,0.967473747185004,1.2841523671930877
BP,rotate_-10,layer4_pooled,cp_eq1_optimized,32,0.10184899118030444,0.04961359306025285,0.09908358007669449,0.011010559275746346,0.2327660769224167
BP,rotate_-10,layer4_pooled,cp_delta_from_original,32,0.005773062584921718,0.02227157507854286,0.001378808170557022,-0.03804795444011688,0.07087739929556847
BP,rotate_-10,layer4_pooled,cp_ratio_to_original,32,1.1482118261912575,0.437187488684229,1.0255094309654291,0.4146887643450759,2.92843927932006
BP,rotate_-10,layer4_pooled,cp_coefficient_entropy,32,0.4480535495094955,0.48602782112117593,0.37663663923740387,-0.0,1.4312679767608643
BP,scale_0.90,concat,bp_eq2_uniform,32,0.3205301659181714,0.024182440189207108,0.32310451567173004,0.26365870237350464,0.3734227418899536
BP,scale_0.90,concat,full_normalized_distance,32,0.8001030345964306,0.030403155454668675,0.8038710573341534,0.7261662376804703,0.8642022238920166
BP,scale_0.90,concat,bp_delta_from_original,32,-0.01921077724546194,0.03329226620686839,-0.026970788836479187,-0.058890193700790405,0.058618709444999695
BP,scale_0.90,concat,bp_ratio_to_original,32,0.9575980696164677,0.11058731886685709,0.9201222974030816,0.840006299261486,1.2662925372604936
BP,scale_0.90,concat,cp_eq1_optimized,32,0.20141480676829815,0.01756210557224202,0.20290816575288773,0.1645742654800415,0.24550732970237732
BP,scale_0.90,concat,cp_delta_from_original,32,-0.0005564098246395588,0.019840467981903035,-0.006567627191543579,-0.03372552990913391,0.06903930008411407
BP,scale_0.90,concat,cp_ratio_to_original,32,1.0053633030654268,0.11319324581894467,0.970357035920603,0.862439998218521,1.4751722533730312
BP,scale_0.90,concat,cp_coefficient_entropy,32,2.0178286656737328,0.217002831204243,2.010059416294098,1.4722899198532104,2.5584716796875
BP,scale_0.90,layer2_flat,bp_eq2_uniform,32,0.31620446033775806,0.026701773956224712,0.3186030089855194,0.26515641808509827,0.3790836036205292
BP,scale_0.90,layer2_flat,full_normalized_distance,32,0.7945523982685823,0.03362651919922654,0.7982516288818928,0.728225813996041,0.870727975455629
BP,scale_0.90,layer2_flat,bp_delta_from_original,32,-0.024978044908493757,0.04620046091927528,-0.03508341312408447,-0.0838838517665863,0.0823969841003418
BP,scale_0.90,layer2_flat,bp_ratio_to_original,32,0.9552129087406087,0.1626489773828998,0.8968336048646808,0.7936649965657143,1.4508494161060022
BP,scale_0.90,layer2_flat,cp_eq1_optimized,32,0.19668324431404471,0.016444768205119257,0.19522779434919357,0.16748781502246857,0.23801614344120026
BP,scale_0.90,layer2_flat,cp_delta_from_original,32,0.001690346747636795,0.027035415547840124,-0.007795453071594238,-0.039466336369514465,0.09045609831809998
BP,scale_0.90,layer2_flat,cp_ratio_to_original,32,1.024174646092761,0.15976004842262467,0.9614795750842007,0.8355927368938547,1.6263568825318857
BP,scale_0.90,layer2_flat,cp_coefficient_entropy,32,2.24987206235528,0.16198210621846906,2.2440046072006226,1.9276458024978638,2.6549975872039795
BP,scale_0.90,layer3_flat,bp_eq2_uniform,32,0.326265187934041,0.025026531608173634,0.32772423326969147,0.2560473680496216,0.39349231123924255
BP,scale_0.90,layer3_flat,full_normalized_distance,32,0.8072034666730682,0.03136366106119847,0.8095975862305513,0.7156079485998204,0.8871215376026472
BP,scale_0.90,layer3_flat,bp_delta_from_original,32,-0.015925872139632702,0.02137460519173919,-0.021589696407318115,-0.05367133021354675,0.04032006859779358
BP,scale_0.90,layer3_flat,bp_ratio_to_original,32,0.9573140358101556,0.06333518965325853,0.9392723608922187,0.8575772076845029,1.1390938584387276
BP,scale_0.90,layer3_flat,cp_eq1_optimized,32,0.197813852224499,0.027702825992110366,0.20129826664924622,0.14082929491996765,0.24657480418682098
BP,scale_0.90,layer3_flat,cp_delta_from_original,32,-0.005060879047960043,0.011665427970227862,-0.008157864212989807,-0.0262921005487442,0.016791105270385742
BP,scale_0.90,layer3_flat,cp_ratio_to_original,32,0.9788336274211467,0.058225372259144766,0.9559646589316767,0.8936168211551656,1.1243715513333916
BP,scale_0.90,layer3_flat,cp_coefficient_entropy,32,1.8635541386902332,0.29963341195571147,1.9274258613586426,1.0146340131759644,2.4124972820281982
BP,scale_0.90,layer4_pooled,bp_eq2_uniform,32,0.5508443592116237,0.08089955687547347,0.5386633276939392,0.43135520815849304,0.797431468963623
BP,scale_0.90,layer4_pooled,full_normalized_distance,32,1.0470397476205662,0.07463622108408213,1.0379350761882051,0.9288220584789026,1.2628788294714763
BP,scale_0.90,layer4_pooled,bp_delta_from_original,32,0.09024819266051054,0.05485216012343192,0.08748389780521393,0.008154362440109253,0.20032694935798645
BP,scale_0.90,layer4_pooled,bp_ratio_to_original,32,1.199298207828066,0.12844778967200177,1.1935985600111385,1.0192683037441665,1.480325836769338
BP,scale_0.90,layer4_pooled,cp_eq1_optimized,32,0.08387215109542012,0.04340310265518256,0.07592020556330681,0.017490431666374207,0.1950966715812683
BP,scale_0.90,layer4_pooled,cp_delta_from_original,32,-0.012203777499962598,0.034748912512640694,-0.014410901814699173,-0.09047766774892807,0.05867092311382294
BP,scale_0.90,layer4_pooled,cp_ratio_to_original,32,0.9667653568967323,0.4343326676133373,0.8589866950598164,0.4980347984226927,2.071829097022418
BP,scale_0.90,layer4_pooled,cp_coefficient_entropy,32,0.7551361052319407,0.43396237779269325,0.8052989542484283,-0.0,1.6443216800689697
BP,scale_1.10,concat,bp_eq2_uniform,32,0.3464207877404988,0.04623267042263235,0.3588225841522217,0.23924089968204498,0.4176856577396393
BP,scale_1.10,concat,full_normalized_distance,32,0.830466467611928,0.057176775372310945,0.8471384734811617,0.6917237883462517,0.9139864963331125
BP,scale_1.10,concat,bp_delta_from_original,32,0.006679844576865435,0.013379018735857546,0.005923911929130554,-0.01816883683204651,0.0349423885345459
BP,scale_1.10,concat,bp_ratio_to_original,32,1.0229984771593699,0.043519174558662596,1.0176609368652252,0.9476212065875352,1.1340279991339415
BP,scale_1.10,concat,cp_eq1_optimized,32,0.20602949289605021,0.020804848205399493,0.2047746255993843,0.1651684045791626,0.2434992641210556
BP,scale_1.10,concat,cp_delta_from_original,32,0.004058276303112507,0.008720686800506097,0.0034992843866348267,-0.016954466700553894,0.027033403515815735
BP,scale_1.10,concat,cp_ratio_to_original,32,1.0226426541416305,0.04840905026488768,1.0159667120255784,0.9211770838929665,1.157228713927189
BP,scale_1.10,concat,cp_coefficient_entropy,32,1.9065213315188885,0.2871968352946116,1.9218525886535645,1.3329706192016602,2.471792697906494
BP,scale_1.10,layer2_flat,bp_eq2_uniform,32,0.3461197898723185,0.06173991851384665,0.3453810065984726,0.1989322006702423,0.43477824330329895
BP,scale_1.10,layer2_flat,full_normalized_distance,32,0.8285455422091326,0.07705457960064008,0.8311047177679574,0.6307649335057274,0.9325001268668
BP,scale_1.10,layer2_flat,bp_delta_from_original,32,0.004937284626066685,0.016730166779687052,0.004741400480270386,-0.023666083812713623,0.04032319784164429
BP,scale_1.10,layer2_flat,bp_ratio_to_original,32,1.020018260120333,0.05333153282092148,1.0141529620494554,0.9327403385523393,1.1521235903637037
BP,scale_1.10,layer2_flat,cp_eq1_optimized,32,0.19720548344776034,0.02325037621977338,0.19797352701425552,0.1486869603395462,0.23264171183109283
BP,scale_1.10,layer2_flat,cp_delta_from_original,32,0.0022125858813524246,0.00901640815960724,0.0011054202914237976,-0.01379956305027008,0.0231514573097229
BP,scale_1.10,layer2_flat,cp_ratio_to_original,32,1.0138729113082463,0.0488190169045413,1.0066822604316719,0.9256373123289864,1.1337529196639096
BP,scale_1.10,layer2_flat,cp_coefficient_entropy,32,2.07595157623291,0.24514889311127516,2.102612018585205,1.5232703685760498,2.5992531776428223
BP,scale_1.10,layer3_flat,bp_eq2_uniform,32,0.34975947346538305,0.03194841128661086,0.3545848876237869,0.2740802764892578,0.39846518635749817
BP,scale_1.10,layer3_flat,full_normalized_distance,32,0.835501286309311,0.03877541630569989,0.8421215607106867,0.7403786551343277,0.8927095679530921
BP,scale_1.10,layer3_flat,bp_delta_from_original,32,0.007568413391709328,0.01181024499122609,0.007869347929954529,-0.01381152868270874,0.03507348895072937
BP,scale_1.10,layer3_flat,bp_ratio_to_original,32,1.0234767405904246,0.03660129197711975,1.0212380590610008,0.9583102592253612,1.1134562265467112
BP,scale_1.10,layer3_flat,cp_eq1_optimized,32,0.20740579394623637,0.0306412931698951,0.20440886169672012,0.14607222378253937,0.26348641514778137
BP,scale_1.10,layer3_flat,cp_delta_from_original,32,0.004531062673777342,0.010876664711138637,0.004110522568225861,-0.01972562074661255,0.04019223153591156
BP,scale_1.10,layer3_flat,cp_ratio_to_original,32,1.025530142992318,0.06383852869793889,1.0208040657546498,0.9103915767149323,1.2693130739567353
BP,scale_1.10,layer3_flat,cp_coefficient_entropy,32,1.7491632420569658,0.37939545251676865,1.7557203769683838,0.8922612071037292,2.377060651779175
BP,scale_1.10,layer4_pooled,bp_eq2_uniform,32,0.4647700097411871,0.06151038770927808,0.45070508122444153,0.382979154586792,0.7065584659576416
BP,scale_1.10,layer4_pooled,full_normalized_distance,32,0.9622756804593646,0.06066754909869227,0.9494257439139289,0.8751904416603189,1.1887459492739747
BP,scale_1.10,layer4_pooled,bp_delta_from_original,32,0.004173843190073967,0.020101799437169148,0.00462380051612854,-0.048196643590927124,0.06572920083999634
BP,scale_1.10,layer4_pooled,bp_ratio_to_original,32,1.0094270895153858,0.0399612713101438,1.0103973168504887,0.911977547133926,1.102568974948151
BP,scale_1.10,layer4_pooled,cp_eq1_optimized,32,0.08850029279710725,0.04840126238165424,0.06926963105797768,0.01713854819536209,0.20268961787223816
BP,scale_1.10,layer4_pooled,cp_delta_from_original,32,-0.007575635798275471,0.019087644486429016,-0.005281582474708557,-0.05094526708126068,0.020287305116653442
BP,scale_1.10,layer4_pooled,cp_ratio_to_original,32,0.9569451413405898,0.2448309808214741,0.9503604774210241,0.4136918933740771,1.5424811135294916
BP,scale_1.10,layer4_pooled,cp_coefficient_entropy,32,0.4011771974619478,0.4735294010749826,0.20981770753860474,-0.0,1.6719883680343628
MSP,horizontal_flip,concat,bp_eq2_uniform,32,0.2744077048264444,0.03976735243828122,0.2866842597723007,0.1607099026441574,0.3354159891605377
MSP,horizontal_flip,concat,full_normalized_distance,32,0.7387677411513309,0.05599662927227795,0.7572094025948267,0.5669389784521036,0.8190433311620793
MSP,horizontal_flip,concat,bp_delta_from_original,32,0.03178417216986418,0.01470021513452908,0.028373464941978455,0.004950597882270813,0.07855527102947235
MSP,horizontal_flip,concat,bp_ratio_to_original,32,1.1371153868163133,0.08287648524288253,1.114863401505169,1.0317836413677317,1.4738952231144504
MSP,horizontal_flip,concat,cp_eq1_optimized,32,0.17710307240486145,0.02430501813425433,0.1788637936115265,0.12323252856731415,0.22418953478336334
MSP,horizontal_flip,concat,cp_delta_from_original,32,0.042071588803082705,0.017553525304004516,0.04229040443897247,0.013892292976379395,0.07636667788028717
MSP,horizontal_flip,concat,cp_ratio_to_original,32,1.3218220914992564,0.15156102652035378,1.3002437461211023,1.0949615660173264,1.6522403312591933
MSP,horizontal_flip,concat,cp_coefficient_entropy,32,1.9764928072690964,0.3173098105642845,2.000733256340027,1.2114924192428589,2.5509300231933594
MSP,horizontal_flip,layer2_flat,bp_eq2_uniform,32,0.26638933131471276,0.04890663492384984,0.2761932760477066,0.13167060911655426,0.34457504749298096
MSP,horizontal_flip,layer2_flat,full_normalized_distance,32,0.7266117300427812,0.07049360634407222,0.7432266141190922,0.5131678265763634,0.8301506459588898
MSP,horizontal_flip,layer2_flat,bp_delta_from_original,32,0.0432599529158324,0.017024845774778086,0.043210580945014954,0.011635519564151764,0.11169251799583435
MSP,horizontal_flip,layer2_flat,bp_ratio_to_original,32,1.2049777317296209,0.1250930854072246,1.1751722387831811,1.089525351220976,1.8089079659627494
MSP,horizontal_flip,layer2_flat,cp_eq1_optimized,32,0.1793484198860824,0.02690156138293332,0.18189217150211334,0.10334044694900513,0.22652077674865723
MSP,horizontal_flip,layer2_flat,cp_delta_from_original,32,0.05346629419364035,0.0171592312333058,0.05280061066150665,0.01977304369211197,0.09092199057340622
MSP,horizontal_flip,layer2_flat,cp_ratio_to_original,32,1.4360750926102541,0.1600869069982455,1.4382501417178775,1.1622856439094302,1.8097846012197532
MSP,horizontal_flip,layer2_flat,cp_coefficient_entropy,32,2.208225477486849,0.2508020353857,2.221773147583008,1.633357286453247,2.6105422973632812
MSP,horizontal_flip,layer3_flat,bp_eq2_uniform,32,0.28458559745922685,0.032910801521757856,0.2917216569185257,0.19850237667560577,0.36207085847854614
MSP,horizontal_flip,layer3_flat,full_normalized_distance,32,0.7531515714773986,0.04467985386614766,0.7638317034711368,0.6300831320954494,0.8509651678870835
MSP,horizontal_flip,layer3_flat,bp_delta_from_original,32,0.0204661856405437,0.01713038878836384,0.017985865473747253,-0.0033254623413085938,0.08056369423866272
MSP,horizontal_flip,layer3_flat,bp_ratio_to_original,32,1.0797645155295659,0.0665430114854868,1.069883737413593,0.9887902143425841,1.286187012170408
MSP,horizontal_flip,layer3_flat,cp_eq1_optimized,32,0.1715838541276753,0.030412619695461877,0.1760057955980301,0.10751651972532272,0.2380007952451706
MSP,horizontal_flip,layer3_flat,cp_delta_from_original,32,0.03113626060076058,0.022634198280595506,0.02955615520477295,-0.0005767643451690674,0.08850492537021637
MSP,horizontal_flip,layer3_flat,cp_ratio_to_original,32,1.2377932095251918,0.1859428198722277,1.174574595661659,0.9960312642780836,1.6857517959833932
MSP,horizontal_flip,layer3_flat,cp_coefficient_entropy,32,1.8180968016386032,0.3761661749484178,1.8722506165504456,1.0267665386199951,2.4248929023742676
MSP,horizontal_flip,layer4_pooled,bp_eq2_uniform,32,0.359685932751745,0.0656523464169705,0.3805404305458069,0.1935507357120514,0.4899338483810425
MSP,horizontal_flip,layer4_pooled,full_normalized_distance,32,0.8442777166840955,0.08233371975191002,0.8723994193331992,0.6221747916977212,0.989882668179459
MSP,horizontal_flip,layer4_pooled,bp_delta_from_original,32,-0.003722032532095909,0.02259559958654943,0.00040744245052337646,-0.08841060101985931,0.02798941731452942
MSP,horizontal_flip,layer4_pooled,bp_ratio_to_original,32,0.9865186815140481,0.07617835820456716,1.0007187262432786,0.6909194481384087,1.086629437185273
MSP,horizontal_flip,layer4_pooled,cp_eq1_optimized,32,0.07062232366297394,0.0493735122527844,0.06156774051487446,0.01167652104049921,0.18865394592285156
MSP,horizontal_flip,layer4_pooled,cp_delta_from_original,32,0.0003763736749533564,0.02030807901186808,0.004186523146927357,-0.05855381488800049,0.036635395139455795
MSP,horizontal_flip,layer4_pooled,cp_ratio_to_original,32,1.0267883673310154,0.32703447672317393,1.1110530967511192,0.23897583627507127,1.6189427890753434
MSP,horizontal_flip,layer4_pooled,cp_coefficient_entropy,32,0.8131812119390815,0.5868286610436406,0.9435836374759674,-0.0,1.9638351202011108
MSP,original,concat,bp_eq2_uniform,32,0.2426235326565802,0.039727258534847106,0.25350575149059296,0.1557593047618866,0.29199251532554626
MSP,original,concat,full_normalized_distance,32,0.6941477082127998,0.059294993498744106,0.7120425807713846,0.5581385218059879,0.7641891327747945
MSP,original,concat,bp_delta_from_original,32,0.0,0.0,0.0,0.0,0.0
MSP,original,concat,bp_ratio_to_original,32,1.0,0.0,1.0,1.0,1.0
MSP,original,concat,cp_eq1_optimized,32,0.13503148360177875,0.02032346051368576,0.1376381367444992,0.10156499594449997,0.18646462261676788
MSP,original,concat,cp_delta_from_original,32,0.0,5.984450346995136e-09,0.0,-2.2351741790771484e-08,1.4901161193847656e-08
MSP,original,concat,cp_ratio_to_original,32,1.0000000010429082,4.8323868688963775e-08,1.0,0.9999998134758246,1.000000112356887
MSP,original,concat,cp_coefficient_entropy,32,1.8772283867001534,0.3009677170178265,1.8372400999069214,1.2851563692092896,2.4724068641662598
MSP,original,layer2_flat,bp_eq2_uniform,32,0.22312937839888036,0.04657514408841351,0.2403254359960556,0.1200350895524025,0.2844755947589874
MSP,original,layer2_flat,full_normalized_distance,32,0.6641787110635196,0.072737417749849,0.6932628067539837,0.4899695695701979,0.7542885320074638
MSP,original,layer2_flat,bp_delta_from_original,32,0.0,0.0,0.0,0.0,0.0
MSP,original,layer2_flat,bp_ratio_to_original,32,1.0,0.0,1.0,1.0,1.0
MSP,original,layer2_flat,cp_eq1_optimized,32,0.12588212476111948,0.0208943702538771,0.1277317777276039,0.08257181197404861,0.16625282168388367
MSP,original,layer2_flat,cp_delta_from_original,32,-9.313225746154785e-10,5.909171245340497e-09,0.0,-1.4901161193847656e-08,1.4901161193847656e-08
MSP,original,layer2_flat,cp_ratio_to_original,32,0.9999999910434332,5.3972185056151844e-08,1.0,0.9999998394106241,1.0000001170533779
MSP,original,layer2_flat,cp_coefficient_entropy,32,2.0988506451249123,0.25316610102442016,2.0657390356063843,1.554396629333496,2.6126019954681396
MSP,original,layer3_flat,bp_eq2_uniform,32,0.26411941181868315,0.030969940533897,0.27542729675769806,0.18697954714298248,0.3113991320133209
MSP,original,layer3_flat,full_normalized_distance,32,0.7255106464332219,0.043972138385966926,0.7421882070210886,0.6115219491448897,0.789175686413768
MSP,original,layer3_flat,bp_delta_from_original,32,0.0,0.0,0.0,0.0,0.0
MSP,original,layer3_flat,bp_ratio_to_original,32,1.0,0.0,1.0,1.0,1.0
MSP,original,layer3_flat,cp_eq1_optimized,32,0.14044759538955986,0.026934730344062803,0.13890184462070465,0.09382645785808563,0.20615585148334503
MSP,original,layer3_flat,cp_delta_from_original,32,1.862645149230957e-09,6.276544475363433e-09,0.0,-1.4901161193847656e-08,1.4901161193847656e-08
MSP,original,layer3_flat,cp_ratio_to_original,32,1.00000001466852,4.906229051706743e-08,1.0,0.9999998952663205,1.0000001545129962
MSP,original,layer3_flat,cp_coefficient_entropy,32,1.7156445048749447,0.3568128519494252,1.7201746106147766,0.9482151865959167,2.3480329513549805
MSP,original,layer4_pooled,bp_eq2_uniform,32,0.3634079652838409,0.05750870813152476,0.3709270507097244,0.24403609335422516,0.49571457505226135
MSP,original,layer4_pooled,full_normalized_distance,32,0.8498697279764008,0.06843787698296759,0.8613067987165054,0.6986216334386234,0.9957053530560749
MSP,original,layer4_pooled,bp_delta_from_original,32,0.0,0.0,0.0,0.0,0.0
MSP,original,layer4_pooled,bp_ratio_to_original,32,1.0,0.0,1.0,1.0,1.0
MSP,original,layer4_pooled,cp_eq1_optimized,32,0.07024595161783509,0.048307861383417,0.05620870925486088,0.014688807539641857,0.18486550450325012
MSP,original,layer4_pooled,cp_delta_from_original,32,1.6298145055770874e-09,8.122527372002164e-09,0.0,-1.4901161193847656e-08,2.9802322387695312e-08
MSP,original,layer4_pooled,cp_ratio_to_original,32,1.0000000073683588,1.359908962405239e-07,1.0,0.9999995610237847,1.0000003214380109
MSP,original,layer4_pooled,cp_coefficient_entropy,32,0.7889509638771415,0.5207295542650306,0.9089790880680084,-0.0,1.667079210281372
MSP,rotate_+10,concat,bp_eq2_uniform,32,0.2688947282731533,0.03341022736504051,0.27813583612442017,0.20153021812438965,0.317867249250412
MSP,rotate_+10,concat,full_normalized_distance,32,0.7318990728609654,0.046705155524675204,0.745836180695137,0.6348704090196513,0.7973296046810403
MSP,rotate_+10,concat,bp_delta_from_original,32,0.026271195616573095,0.020539470998420767,0.025694377720355988,-0.013669878244400024,0.07579143345355988
MSP,rotate_+10,concat,bp_ratio_to_original,32,1.1202318417737147,0.10640966331281011,1.100591799708344,0.95052620077675,1.3476884250462953
MSP,rotate_+10,concat,cp_eq1_optimized,32,0.15362460282631218,0.020674530812451568,0.1572975590825081,0.10876159369945526,0.20680461823940277
MSP,rotate_+10,concat,cp_delta_from_original,32,0.01859311922453344,0.01106311509253956,0.018172986805438995,-0.009989559650421143,0.04287075251340866
MSP,rotate_+10,concat,cp_ratio_to_original,32,1.1434139894724213,0.09123629099467889,1.130603030507836,0.9346994357209815,1.3840786658306348
MSP,rotate_+10,concat,cp_coefficient_entropy,32,1.8252901248633862,0.2603824793894472,1.8165385723114014,1.2242355346679688,2.2644402980804443
MSP,rotate_+10,layer2_flat,bp_eq2_uniform,32,0.2589566777460277,0.039749017521409455,0.26856471598148346,0.17875364422798157,0.3097360134124756
MSP,rotate_+10,layer2_flat,full_normalized_distance,32,0.7174918808449627,0.05673941715609732,0.732870082927592,0.59791913203707,0.787065452694343
MSP,rotate_+10,layer2_flat,bp_delta_from_original,32,0.035827299347147346,0.02111781538348797,0.03711250424385071,-0.010321363806724548,0.08455023169517517
MSP,rotate_+10,layer2_flat,bp_ratio_to_original,32,1.181494656373252,0.1373656566123874,1.161375092458748,0.9593628225754115,1.4891782469113395
MSP,rotate_+10,layer2_flat,cp_eq1_optimized,32,0.15755855874158442,0.020271371239948023,0.16123326122760773,0.11318755894899368,0.19440604746341705
MSP,rotate_+10,layer2_flat,cp_delta_from_original,32,0.03167643304914236,0.01133087187398012,0.030810773372650146,-0.0033078789710998535,0.05077540874481201
MSP,rotate_+10,layer2_flat,cp_ratio_to_original,32,1.2643940752021425,0.12101341278349967,1.2530337144528807,0.9757674968677934,1.5472050864377578
MSP,rotate_+10,layer2_flat,cp_coefficient_entropy,32,2.04705273732543,0.21244313539516133,2.0611765384674072,1.6493136882781982,2.5354437828063965
MSP,rotate_+10,layer3_flat,bp_eq2_uniform,32,0.2804561872035265,0.02938863924544501,0.2871958613395691,0.210439532995224,0.33073320984840393
MSP,rotate_+10,layer3_flat,full_normalized_distance,32,0.7478997462548179,0.04010751948202169,0.75788635095976,0.6487519294695376,0.8133058586391764
MSP,rotate_+10,layer3_flat,bp_delta_from_original,32,0.01633677538484335,0.020357142859769535,0.013691261410713196,-0.020906120538711548,0.0657300055027008
MSP,rotate_+10,layer3_flat,bp_ratio_to_original,32,1.0666312506195879,0.08304727189933021,1.0475246668577622,0.9272769965465237,1.248034757408844
MSP,rotate_+10,layer3_flat,cp_eq1_optimized,32,0.1461422611027956,0.029387708815912652,0.15000398457050323,0.08650089055299759,0.21926116943359375
MSP,rotate_+10,layer3_flat,cp_delta_from_original,32,0.005694667575880885,0.01229136406878992,0.007712032645940781,-0.02168983221054077,0.03300336003303528
MSP,rotate_+10,layer3_flat,cp_ratio_to_original,32,1.041724407795415,0.08893536878294396,1.0548870612788752,0.8773847378804343,1.2496098609725903
MSP,rotate_+10,layer3_flat,cp_coefficient_entropy,32,1.6672214679419994,0.31714591282445914,1.7401086688041687,0.8890260457992554,2.1992123126983643
MSP,rotate_+10,layer4_pooled,bp_eq2_uniform,32,0.382672933395952,0.062418187143573785,0.39037223160266876,0.24339433014392853,0.5441070199012756
MSP,rotate_+10,layer4_pooled,full_normalized_distance,32,0.871952286300692,0.07216523839723132,0.8835974313574079,0.6977024152802233,1.0431749804335566
MSP,rotate_+10,layer4_pooled,bp_delta_from_original,32,0.01926496811211109,0.03144670578882765,0.014037936925888062,-0.05436229705810547,0.11985129117965698
MSP,rotate_+10,layer4_pooled,bp_ratio_to_original,32,1.0569916307063534,0.10521106332629333,1.0391888280802601,0.8205391393480603,1.4206603529729633
MSP,rotate_+10,layer4_pooled,cp_eq1_optimized,32,0.07308758731232956,0.04880881625671211,0.059493785724043846,0.019586022943258286,0.20592652261257172
MSP,rotate_+10,layer4_pooled,cp_delta_from_original,32,0.0028416373243089765,0.019721570293898382,0.0013963524252176285,-0.060245513916015625,0.04567998647689819
MSP,rotate_+10,layer4_pooled,cp_ratio_to_original,32,1.0974479695283166,0.26820196939928587,1.0371741953510583,0.5290473974511305,1.7859911184493429
MSP,rotate_+10,layer4_pooled,cp_coefficient_entropy,32,0.7736410780344158,0.5807743591084167,0.8645012974739075,-0.0,1.9901213645935059
MSP,rotate_-10,concat,bp_eq2_uniform,32,0.26243659295141697,0.031336939372967644,0.2680015414953232,0.20013287663459778,0.3196168541908264
MSP,rotate_-10,concat,full_normalized_distance,32,0.7231876519304701,0.0439683874487241,0.7321093817517611,0.6326655935557074,0.7995209242925746
MSP,rotate_-10,concat,bp_delta_from_original,32,0.01981306029483676,0.01454639884669468,0.016201429069042206,-0.002935647964477539,0.06490172445774078
MSP,rotate_-10,concat,bp_ratio_to_original,32,1.0926887398755534,0.08749366352380539,1.0715682546564431,0.989290764273566,1.391528369635112
MSP,rotate_-10,concat,cp_eq1_optimized,32,0.15601051016710699,0.01791911787393396,0.15766169130802155,0.11355600506067276,0.20206128060817719
MSP,rotate_-10,concat,cp_delta_from_original,32,0.02097902656532824,0.010926178408912511,0.020840205252170563,-0.004880741238594055,0.05236966162919998
MSP,rotate_-10,concat,cp_ratio_to_original,32,1.1643767809172076,0.09984735604216126,1.1617940117446683,0.9683656423764003,1.507109590108492
MSP,rotate_-10,concat,cp_coefficient_entropy,32,1.892853531986475,0.28204467008550593,1.8819774389266968,1.2657749652862549,2.4273600578308105
MSP,rotate_-10,layer2_flat,bp_eq2_uniform,32,0.25045466097071767,0.03829178859413441,0.2604297250509262,0.16557438671588898,0.30843958258628845
MSP,rotate_-10,layer2_flat,full_normalized_distance,32,0.7056592740922708,0.05522328474771721,0.7217013682946787,0.5754552749187185,0.7854165551938518
MSP,rotate_-10,layer2_flat,bp_delta_from_original,32,0.027325282571837306,0.01680033346665706,0.02456585317850113,0.006557255983352661,0.08083304762840271
MSP,rotate_-10,layer2_flat,bp_ratio_to_original,32,1.1416028686592223,0.12248227267214203,1.112812656718217,1.0256418802731506,1.5854151854835963
MSP,rotate_-10,layer2_flat,cp_eq1_optimized,32,0.15714477002620697,0.020780611427884958,0.16347094625234604,0.1087963879108429,0.19483458995819092
MSP,rotate_-10,layer2_flat,cp_delta_from_original,32,0.03126264433376491,0.012935891888033658,0.029872994869947433,0.002743139863014221,0.06352401524782181
MSP,rotate_-10,layer2_flat,cp_ratio_to_original,32,1.260565798360119,0.12616642344747248,1.2558264455606416,1.0187324277597123,1.6156323210105794
MSP,rotate_-10,layer2_flat,cp_coefficient_entropy,32,2.124644123017788,0.2025611869221415,2.133407950401306,1.6712770462036133,2.6020145416259766
MSP,rotate_-10,layer3_flat,bp_eq2_uniform,32,0.2758257333189249,0.026167846030482063,0.2813923507928848,0.19558046758174896,0.3312411904335022
MSP,rotate_-10,layer3_flat,full_normalized_distance,32,0.7418841176177564,0.036056195056235106,0.7501874629094247,0.6254286011716269,0.8139302063856608
MSP,rotate_-10,layer3_flat,bp_delta_from_original,32,0.011706321500241756,0.012857158771475256,0.00966101884841919,-0.010263234376907349,0.04263930022716522
MSP,rotate_-10,layer3_flat,bp_ratio_to_original,32,1.0485300703976201,0.057747102107814786,1.039948548778741,0.9645166189540473,1.2136930856547217
MSP,rotate_-10,layer3_flat,cp_eq1_optimized,32,0.15011113043874502,0.026285989501800187,0.15396127104759216,0.09704205393791199,0.21513962745666504
MSP,rotate_-10,layer3_flat,cp_delta_from_original,32,0.009663536911830306,0.00972759098979421,0.00945863127708435,-0.011865213513374329,0.031132064759731293
MSP,rotate_-10,layer3_flat,cp_ratio_to_original,32,1.0747136091242258,0.07856694942643748,1.0691939691792127,0.9264438152139836,1.3228143460648183
MSP,rotate_-10,layer3_flat,cp_coefficient_entropy,32,1.706843487918377,0.3505894427459589,1.7341740727424622,0.9551953077316284,2.429032325744629
MSP,rotate_-10,layer4_pooled,bp_eq2_uniform,32,0.3873097486793995,0.054441187569670126,0.3899485915899277,0.2813621461391449,0.5854383707046509
MSP,rotate_-10,layer4_pooled,full_normalized_distance,32,0.8781569328363164,0.059762097560564574,0.8831161295284542,0.7501495132827121,1.0820705806042883
MSP,rotate_-10,layer4_pooled,bp_delta_from_original,32,0.023901783395558596,0.02800117483755743,0.016026899218559265,-0.009480297565460205,0.09183944761753082
MSP,rotate_-10,layer4_pooled,bp_ratio_to_original,32,1.073677121454848,0.09439302380909259,1.0413392515904567,0.973909018090517,1.3763355098618422
MSP,rotate_-10,layer4_pooled,cp_eq1_optimized,32,0.07382612393121235,0.050292900201105654,0.0598568394780159,0.01467045396566391,0.17782478034496307
MSP,rotate_-10,layer4_pooled,cp_delta_from_original,32,0.0035801739431917667,0.016989058168903108,0.0023654811084270477,-0.04581989347934723,0.043410077691078186
MSP,rotate_-10,layer4_pooled,cp_ratio_to_original,32,1.0762100467941298,0.25948126918997416,1.0560494615225466,0.5810025870784589,1.5776392539214987
MSP,rotate_-10,layer4_pooled,cp_coefficient_entropy,32,0.7783359009772539,0.4909506771485166,0.843450129032135,-0.0,1.7199370861053467
MSP,scale_0.90,concat,bp_eq2_uniform,32,0.2437571589834988,0.021492583212512007,0.24324921518564224,0.20155765116214752,0.2936801314353943
MSP,scale_0.90,concat,full_normalized_distance,32,0.6975637346436843,0.030802665606531946,0.6974943935980258,0.6349136180019256,0.7663943259646359
MSP,scale_0.90,concat,bp_delta_from_original,32,0.001133626326918602,0.028428143904052752,-0.008346833288669586,-0.03355017304420471,0.0660867691040039
MSP,scale_0.90,concat,bp_ratio_to_original,32,1.0245311241133535,0.1452919254307991,0.9660491487196271,0.8758624186311433,1.4242877766089688
MSP,scale_0.90,concat,cp_eq1_optimized,32,0.1570419347845018,0.016222291169653468,0.1590026319026947,0.11012867093086243,0.18223720788955688
MSP,scale_0.90,concat,cp_delta_from_original,32,0.022010451182723045,0.017151119956468223,0.020680084824562073,-0.0042274147272109985,0.07799587398767471
MSP,scale_0.90,concat,cp_ratio_to_original,32,1.178518024676197,0.15737608551662105,1.162814253825303,0.977328596342499,1.7552551316464855
MSP,scale_0.90,concat,cp_coefficient_entropy,32,2.0671893507242203,0.20601365052424175,2.0534744262695312,1.5639313459396362,2.5535082817077637
MSP,scale_0.90,layer2_flat,bp_eq2_uniform,32,0.23225757805630565,0.023592690346264017,0.23124754428863525,0.18028026819229126,0.28494203090667725
MSP,scale_0.90,layer2_flat,full_normalized_distance,32,0.6806973869188457,0.03469645038223443,0.6800665255956129,0.6004669319659347,0.7549066576824942
MSP,scale_0.90,layer2_flat,bp_delta_from_original,32,0.009128199657425284,0.033837887695965296,3.094971179962158e-05,-0.03343263268470764,0.0853283703327179
MSP,scale_0.90,layer2_flat,bp_ratio_to_original,32,1.0779389910859487,0.21006837266175363,1.0000001508237366,0.876949004699585,1.6468509984871165
MSP,scale_0.90,layer2_flat,cp_eq1_optimized,32,0.1608471553772688,0.017046475250350055,0.15995535999536514,0.11334441602230072,0.20221742987632751
MSP,scale_0.90,layer2_flat,cp_delta_from_original,32,0.03496502968482673,0.019909852472945078,0.031249143183231354,0.004482746124267578,0.0990324392914772
MSP,scale_0.90,layer2_flat,cp_ratio_to_original,32,1.3043775782509646,0.21827692023944711,1.2377386525833693,1.026963428823868,1.959756246806863
MSP,scale_0.90,layer2_flat,cp_coefficient_entropy,32,2.3273790776729584,0.15912578195831287,2.3404347896575928,1.9965755939483643,2.6785404682159424
MSP,scale_0.90,layer3_flat,bp_eq2_uniform,32,0.2562056016176939,0.025352455468191357,0.2579667419195175,0.19109047949314117,0.30415672063827515
MSP,scale_0.90,layer3_flat,full_normalized_distance,32,0.7149565926360115,0.035896250237337064,0.7182796459505911,0.618207860663614,0.779944511665125
MSP,scale_0.90,layer3_flat,bp_delta_from_original,32,-0.007913810200989246,0.022390553419547658,-0.015111565589904785,-0.045822203159332275,0.051391348242759705
MSP,scale_0.90,layer3_flat,bp_ratio_to_original,32,0.9761974466485761,0.09118445462259096,0.9493326423020998,0.8282919418261627,1.2575552535675791
MSP,scale_0.90,layer3_flat,cp_eq1_optimized,32,0.14652102207764983,0.023352432798315472,0.14727432280778885,0.10159245133399963,0.19407415390014648
MSP,scale_0.90,layer3_flat,cp_delta_from_original,32,0.006073428550735116,0.013177629048187504,0.006991155445575714,-0.013941392302513123,0.03494732081890106
MSP,scale_0.90,layer3_flat,cp_ratio_to_original,32,1.0541977458991885,0.1043599720057795,1.0508209080503068,0.9040687897792739,1.347510803055407
MSP,scale_0.90,layer3_flat,cp_coefficient_entropy,32,1.8765684589743614,0.23344878658539858,1.8615190982818604,1.2627220153808594,2.4930100440979004
MSP,scale_0.90,layer4_pooled,bp_eq2_uniform,32,0.41023890022188425,0.06924901380942527,0.40327058732509613,0.30117398500442505,0.635983943939209
MSP,scale_0.90,layer4_pooled,full_normalized_distance,32,0.9029039135705303,0.07356242591231268,0.8980357011597033,0.7761107975082231,1.1278155380550572
MSP,scale_0.90,layer4_pooled,bp_delta_from_original,32,0.046830934938043356,0.046251932853832944,0.03363597393035889,-0.014332681894302368,0.15314289927482605
MSP,scale_0.90,layer4_pooled,bp_ratio_to_original,32,1.1372234654410427,0.14332261738717483,1.087714825237522,0.9599067758029375,1.537508986596432
MSP,scale_0.90,layer4_pooled,cp_eq1_optimized,32,0.06112552684498951,0.041047696875691715,0.050396427512168884,0.01966175064444542,0.21122831106185913
MSP,scale_0.90,layer4_pooled,cp_delta_from_original,32,-0.009120423143031076,0.03259002578130286,-0.007056791335344315,-0.08089655637741089,0.052103620022535324
MSP,scale_0.90,layer4_pooled,cp_ratio_to_original,32,1.0040934778250783,0.48430088918222075,0.8369818689566836,0.36761359831217333,2.3349649754960633
MSP,scale_0.90,layer4_pooled,cp_coefficient_entropy,32,1.116013358347118,0.3303020301761586,0.9994319081306458,0.43703874945640564,1.8766648769378662
MSP,scale_1.10,concat,bp_eq2_uniform,32,0.25449267076328397,0.03643426876721944,0.2612796723842621,0.17024444043636322,0.3158549666404724
MSP,scale_1.10,concat,full_normalized_distance,32,0.7115624287196409,0.0524423031523338,0.72287806896189,0.583514250788039,0.7948018201293608
MSP,scale_1.10,concat,bp_delta_from_original,32,0.011869138106703758,0.01461442464846485,0.008191436529159546,-0.00939708948135376,0.044665127992630005
MSP,scale_1.10,concat,bp_ratio_to_original,32,1.0550536759546842,0.06928442989936931,1.030402795978308,0.9568561082602438,1.221665645333544
MSP,scale_1.10,concat,cp_eq1_optimized,32,0.14631510036997497,0.01711130843940483,0.1459103301167488,0.10861086845397949,0.18704618513584137
MSP,scale_1.10,concat,cp_delta_from_original,32,0.011283616768196225,0.011386639814762647,0.007919073104858398,-0.011764630675315857,0.0372261106967926
MSP,scale_1.10,concat,cp_ratio_to_original,32,1.0920571280615299,0.09582271527693004,1.0653525157460066,0.9172755135479814,1.323919965568799
MSP,scale_1.10,concat,cp_coefficient_entropy,32,1.9201726876199245,0.28702820341475116,1.9113829731941223,1.3720933198928833,2.5891165733337402
MSP,scale_1.10,layer2_flat,bp_eq2_uniform,32,0.23908638721331954,0.04547707713433563,0.24723955243825912,0.1349872201681137,0.313314825296402
MSP,scale_1.10,layer2_flat,full_normalized_distance,32,0.6882749675921795,0.0677783363438985,0.703182956574778,0.519590646890634,0.7915994255889806
MSP,scale_1.10,layer2_flat,bp_delta_from_original,32,0.015957008814439178,0.016663358942115167,0.012460671365261078,-0.008505582809448242,0.055595070123672485
MSP,scale_1.10,layer2_flat,bp_ratio_to_original,32,1.0796637016999149,0.08396958748678082,1.0513848314469205,0.9701008347776743,1.2624990252688335
MSP,scale_1.10,layer2_flat,cp_eq1_optimized,32,0.1419366376940161,0.02238523969652176,0.14148475229740143,0.08954739570617676,0.1899075210094452
MSP,scale_1.10,layer2_flat,cp_delta_from_original,32,0.01605451200157404,0.012348116241216822,0.011865127831697464,-0.006794005632400513,0.042678624391555786
MSP,scale_1.10,layer2_flat,cp_ratio_to_original,32,1.133383073184844,0.10234944905314673,1.100055103768328,0.9490590849726679,1.3588889799452628
MSP,scale_1.10,layer2_flat,cp_coefficient_entropy,32,2.132771074771881,0.22881407956266542,2.1056472063064575,1.6640124320983887,2.622647523880005
MSP,scale_1.10,layer3_flat,bp_eq2_uniform,32,0.27156835701316595,0.027533095552160235,0.2747478187084198,0.2120935618877411,0.32265326380729675
MSP,scale_1.10,layer3_flat,full_normalized_distance,32,0.7360232233513309,0.0381038135603784,0.741269033730195,0.6512964945211068,0.8033097333000475
MSP,scale_1.10,layer3_flat,bp_delta_from_original,32,0.007448945194482803,0.01244254104173923,0.0050840824842453,-0.015455514192581177,0.034058988094329834
MSP,scale_1.10,layer3_flat,bp_ratio_to_original,32,1.0315392007033797,0.05238013480985574,1.0176742567258468,0.9362935913556898,1.156287882077442
MSP,scale_1.10,layer3_flat,cp_eq1_optimized,32,0.14649130729958415,0.023210421666238896,0.14760693907737732,0.09791024774312973,0.20222145318984985
MSP,scale_1.10,layer3_flat,cp_delta_from_original,32,0.0060437137726694345,0.011866971819508687,0.0029763728380203247,-0.014460667967796326,0.033299148082733154
MSP,scale_1.10,layer3_flat,cp_ratio_to_original,32,1.0532458722493252,0.0968801773025476,1.0192486113617392,0.9004956356833368,1.283497046287995
MSP,scale_1.10,layer3_flat,cp_coefficient_entropy,32,1.7634350564330816,0.35512090150619297,1.7881671786308289,0.9861271977424622,2.4760005474090576
MSP,scale_1.10,layer4_pooled,bp_eq2_uniform,32,0.3622601395472884,0.057014339242135656,0.37069733440876007,0.24837297201156616,0.5086914896965027
MSP,scale_1.10,layer4_pooled,full_normalized_distance,32,0.8485708126878928,0.06775938415217657,0.8610427194018593,0.7048020601723098,1.0086540434623783
MSP,scale_1.10,layer4_pooled,bp_delta_from_original,32,-0.0011478257365524769,0.01460308225742171,-0.0015826374292373657,-0.036539286375045776,0.022763758897781372
MSP,scale_1.10,layer4_pooled,bp_ratio_to_original,32,0.9980780488132279,0.044997151035146045,0.9953444112445256,0.8717524946738673,1.0795813520257604
MSP,scale_1.10,layer4_pooled,cp_eq1_optimized,32,0.06311436113901436,0.04617469041984117,0.05186597816646099,0.010255091823637486,0.17702312767505646
MSP,scale_1.10,layer4_pooled,cp_delta_from_original,32,-0.007131588849006221,0.018074184301246327,-0.006414512172341347,-0.07401509582996368,0.0301506370306015
MSP,scale_1.10,layer4_pooled,cp_ratio_to_original,32,0.9186522227429309,0.28289934887856444,0.9019958449805376,0.42140750832305773,1.9420378601037531
MSP,scale_1.10,layer4_pooled,cp_coefficient_entropy,32,0.8065705075860023,0.5565784619297786,0.9326818585395813,-0.0,1.8418978452682495
