target_index,transform,representation,cosine_drift
2,original,layer2_flat,0.0
2,original,layer3_flat,-1.1920928955078125e-07
2,original,layer4_pooled,0.0
2,original,concat,0.0
2,rotate_-10,layer2_flat,0.15012121200561523
2,rotate_-10,layer3_flat,0.05333942174911499
2,rotate_-10,layer4_pooled,0.0016164183616638184
2,rotate_-10,concat,0.096713125705719
2,rotate_+10,layer2_flat,0.14411711692810059
2,rotate_+10,layer3_flat,0.03547656536102295
2,rotate_+10,layer4_pooled,0.0014958977699279785
2,rotate_+10,concat,0.08266830444335938
2,scale_0.90,layer2_flat,0.1788884401321411
2,scale_0.90,layer3_flat,0.10451161861419678
2,scale_0.90,layer4_pooled,0.04036897420883179
2,scale_0.90,concat,0.13914328813552856
2,scale_1.10,layer2_flat,0.08805972337722778
2,scale_1.10,layer3_flat,0.02394312620162964
2,scale_1.10,layer4_pooled,0.0024455785751342773
2,scale_1.10,concat,0.053179144859313965
2,horizontal_flip,layer2_flat,0.2097802758216858
2,horizontal_flip,layer3_flat,0.12185454368591309
2,horizontal_flip,layer4_pooled,0.002116680145263672
2,horizontal_flip,concat,0.16067910194396973
3,original,layer2_flat,5.960464477539063e-08
3,original,layer3_flat,1.1920928955078125e-07
3,original,layer4_pooled,5.960464477539063e-08
3,original,concat,0.0
3,rotate_-10,layer2_flat,0.1464177966117859
3,rotate_-10,layer3_flat,0.04832816123962402
3,rotate_-10,layer4_pooled,0.0029832124710083008
3,rotate_-10,concat,0.09357190132141113
3,rotate_+10,layer2_flat,0.1550959348678589
3,rotate_+10,layer3_flat,0.05691671371459961
3,rotate_+10,layer4_pooled,0.0029134750366210938
3,rotate_+10,concat,0.10326272249221802
3,scale_0.90,layer2_flat,0.18564724922180176
3,scale_0.90,layer3_flat,0.09583920240402222
3,scale_0.90,layer4_pooled,0.008154869079589844
3,scale_0.90,concat,0.14006060361862183
3,scale_1.10,layer2_flat,0.07339239120483398
3,scale_1.10,layer3_flat,0.030849099159240723
3,scale_1.10,layer4_pooled,0.0043988823890686035
3,scale_1.10,concat,0.05166977643966675
3,horizontal_flip,layer2_flat,0.25155109167099
3,horizontal_flip,layer3_flat,0.1484767198562622
3,horizontal_flip,layer4_pooled,0.010307908058166504
3,horizontal_flip,concat,0.19720208644866943
4,original,layer2_flat,0.0
4,original,layer3_flat,0.0
4,original,layer4_pooled,1.1920928955078125e-07
4,original,concat,0.0
4,rotate_-10,layer2_flat,0.142717182636261
4,rotate_-10,layer3_flat,0.04979228973388672
4,rotate_-10,layer4_pooled,0.0009410381317138672
4,rotate_-10,concat,0.09352469444274902
4,rotate_+10,layer2_flat,0.15434026718139648
4,rotate_+10,layer3_flat,0.06423306465148926
4,rotate_+10,layer4_pooled,0.00430607795715332
4,rotate_+10,concat,0.10795700550079346
4,scale_0.90,layer2_flat,0.17309832572937012
4,scale_0.90,layer3_flat,0.09234315156936646
4,scale_0.90,layer4_pooled,0.010281205177307129
4,scale_0.90,concat,0.1342630386352539
4,scale_1.10,layer2_flat,0.08392202854156494
4,scale_1.10,layer3_flat,0.061468303203582764
4,scale_1.10,layer4_pooled,0.06640708446502686
4,scale_1.10,concat,0.07210338115692139
4,horizontal_flip,layer2_flat,0.25568467378616333
4,horizontal_flip,layer3_flat,0.1730879545211792
4,horizontal_flip,layer4_pooled,0.002192974090576172
4,horizontal_flip,concat,0.21219676733016968
5,original,layer2_flat,-1.1920928955078125e-07
5,original,layer3_flat,-2.384185791015625e-07
5,original,layer4_pooled,5.960464477539063e-08
5,original,concat,0.0
5,rotate_-10,layer2_flat,0.15632760524749756
5,rotate_-10,layer3_flat,0.08374297618865967
5,rotate_-10,layer4_pooled,0.010812222957611084
5,rotate_-10,concat,0.12091553211212158
5,rotate_+10,layer2_flat,0.16094470024108887
5,rotate_+10,layer3_flat,0.1132209300994873
5,rotate_+10,layer4_pooled,0.011901617050170898
5,rotate_+10,concat,0.13878291845321655
5,scale_0.90,layer2_flat,0.15737676620483398
5,scale_0.90,layer3_flat,0.08784043788909912
5,scale_0.90,layer4_pooled,0.01932239532470703
5,scale_0.90,concat,0.12466311454772949
5,scale_1.10,layer2_flat,0.11491918563842773
5,scale_1.10,layer3_flat,0.09245669841766357
5,scale_1.10,layer4_pooled,0.01057744026184082
5,scale_1.10,concat,0.1041337251663208
5,horizontal_flip,layer2_flat,0.2145099639892578
5,horizontal_flip,layer3_flat,0.1493636965751648
5,horizontal_flip,layer4_pooled,0.01723623275756836
5,horizontal_flip,concat,0.18302381038665771
6,original,layer2_flat,0.0
6,original,layer3_flat,0.0
6,original,layer4_pooled,0.0
6,original,concat,0.0
6,rotate_-10,layer2_flat,0.16758298873901367
6,rotate_-10,layer3_flat,0.06276893615722656
6,rotate_-10,layer4_pooled,0.012464404106140137
6,rotate_-10,concat,0.11895734071731567
6,rotate_+10,layer2_flat,0.18406617641448975
6,rotate_+10,layer3_flat,0.08261573314666748
6,rotate_+10,layer4_pooled,0.012399017810821533
6,rotate_+10,concat,0.13754141330718994
6,scale_0.90,layer2_flat,0.1867889165878296
6,scale_0.90,layer3_flat,0.08319151401519775
6,scale_0.90,layer4_pooled,0.05564159154891968
6,scale_0.90,concat,0.1411287784576416
6,scale_1.10,layer2_flat,0.121548593044281
6,scale_1.10,layer3_flat,0.08228945732116699
6,scale_1.10,layer4_pooled,0.029341578483581543
6,scale_1.10,concat,0.10358262062072754
6,horizontal_flip,layer2_flat,0.2344573736190796
6,horizontal_flip,layer3_flat,0.12971913814544678
6,horizontal_flip,layer4_pooled,0.013322710990905762
6,horizontal_flip,concat,0.18556249141693115
7,original,layer2_flat,-1.1920928955078125e-07
7,original,layer3_flat,1.1920928955078125e-07
7,original,layer4_pooled,0.0
7,original,concat,0.0
7,rotate_-10,layer2_flat,0.16374266147613525
7,rotate_-10,layer3_flat,0.08111143112182617
7,rotate_-10,layer4_pooled,0.009801685810089111
7,rotate_-10,concat,0.1246265172958374
7,rotate_+10,layer2_flat,0.14984440803527832
7,rotate_+10,layer3_flat,0.07215726375579834
7,rotate_+10,layer4_pooled,0.01329737901687622
7,rotate_+10,concat,0.11240875720977783
7,scale_0.90,layer2_flat,0.19316178560256958
7,scale_0.90,layer3_flat,0.11227607727050781
7,scale_0.90,layer4_pooled,0.01805168390274048
7,scale_0.90,concat,0.1554403305053711
7,scale_1.10,layer2_flat,0.06063342094421387
7,scale_1.10,layer3_flat,0.03354281187057495
7,scale_1.10,layer4_pooled,0.006869971752166748
7,scale_1.10,concat,0.047459304332733154
7,horizontal_flip,layer2_flat,0.2538580894470215
7,horizontal_flip,layer3_flat,0.23483598232269287
7,horizontal_flip,layer4_pooled,0.0029753446578979492
7,horizontal_flip,concat,0.2443256378173828
8,original,layer2_flat,0.0
8,original,layer3_flat,0.0
8,original,layer4_pooled,1.7881393432617188e-07
8,original,concat,0.0
8,rotate_-10,layer2_flat,0.09096157550811768
8,rotate_-10,layer3_flat,0.048226118087768555
8,rotate_-10,layer4_pooled,0.007839322090148926
8,rotate_-10,concat,0.07688295841217041
8,rotate_+10,layer2_flat,0.09731924533843994
8,rotate_+10,layer3_flat,0.04840195178985596
8,rotate_+10,layer4_pooled,0.010807633399963379
8,rotate_+10,concat,0.08133804798126221
8,scale_0.90,layer2_flat,0.20116299390792847
8,scale_0.90,layer3_flat,0.08769392967224121
8,scale_0.90,layer4_pooled,0.021038532257080078
8,scale_0.90,concat,0.16622239351272583
8,scale_1.10,layer2_flat,0.05715358257293701
8,scale_1.10,layer3_flat,0.037167906761169434
8,scale_1.10,layer4_pooled,0.0056951045989990234
8,scale_1.10,concat,0.050716519355773926
8,horizontal_flip,layer2_flat,0.21353960037231445
8,horizontal_flip,layer3_flat,0.21206557750701904
8,horizontal_flip,layer4_pooled,0.028218090534210205
8,horizontal_flip,concat,0.21304559707641602
9,original,layer2_flat,0.0
9,original,layer3_flat,0.0
9,original,layer4_pooled,0.0
9,original,concat,-1.1920928955078125e-07
9,rotate_-10,layer2_flat,0.14977967739105225
9,rotate_-10,layer3_flat,0.11348086595535278
9,rotate_-10,layer4_pooled,0.056594252586364746
9,rotate_-10,concat,0.13186359405517578
9,rotate_+10,layer2_flat,0.13266950845718384
9,rotate_+10,layer3_flat,0.07094079256057739
9,rotate_+10,layer4_pooled,0.05188119411468506
9,rotate_+10,concat,0.10250234603881836
9,scale_0.90,layer2_flat,0.20153313875198364
9,scale_0.90,layer3_flat,0.13276970386505127
9,scale_0.90,layer4_pooled,0.04379832744598389
9,scale_0.90,concat,0.16968250274658203
9,scale_1.10,layer2_flat,0.06850326061248779
9,scale_1.10,layer3_flat,0.03609645366668701
9,scale_1.10,layer4_pooled,0.008093774318695068
9,scale_1.10,concat,0.05247640609741211
9,horizontal_flip,layer2_flat,0.2715413570404053
9,horizontal_flip,layer3_flat,0.24504148960113525
9,horizontal_flip,layer4_pooled,0.011898338794708252
9,horizontal_flip,concat,0.25807785987854004
10,original,layer2_flat,0.0
10,original,layer3_flat,0.0
10,original,layer4_pooled,1.1920928955078125e-07
10,original,concat,0.0
10,rotate_-10,layer2_flat,0.12489676475524902
10,rotate_-10,layer3_flat,0.03215211629867554
10,rotate_-10,layer4_pooled,0.00045490264892578125
10,rotate_-10,concat,0.07193410396575928
10,rotate_+10,layer2_flat,0.11659276485443115
10,rotate_+10,layer3_flat,0.026085257530212402
10,rotate_+10,layer4_pooled,0.0003210306167602539
10,rotate_+10,concat,0.0652918815612793
10,scale_0.90,layer2_flat,0.16697311401367188
10,scale_0.90,layer3_flat,0.058942973613739014
10,scale_0.90,layer4_pooled,0.004020035266876221
10,scale_0.90,concat,0.10691773891448975
10,scale_1.10,layer2_flat,0.06536871194839478
10,scale_1.10,layer3_flat,0.01174306869506836
10,scale_1.10,layer4_pooled,0.00021761655807495117
10,scale_1.10,concat,0.03466928005218506
10,horizontal_flip,layer2_flat,0.17687755823135376
10,horizontal_flip,layer3_flat,0.059005677700042725
10,horizontal_flip,layer4_pooled,0.0009652376174926758
10,horizontal_flip,concat,0.1079680323600769
11,original,layer2_flat,5.960464477539063e-08
11,original,layer3_flat,0.0
11,original,layer4_pooled,0.0
11,original,concat,-1.1920928955078125e-07
11,rotate_-10,layer2_flat,0.093780517578125
11,rotate_-10,layer3_flat,0.043775200843811035
11,rotate_-10,layer4_pooled,0.011110007762908936
11,rotate_-10,concat,0.07556653022766113
11,rotate_+10,layer2_flat,0.09096348285675049
11,rotate_+10,layer3_flat,0.046947360038757324
11,rotate_+10,layer4_pooled,0.014933347702026367
11,rotate_+10,concat,0.07506084442138672
11,scale_0.90,layer2_flat,0.13205385208129883
11,scale_0.90,layer3_flat,0.04974794387817383
11,scale_0.90,layer4_pooled,0.030387401580810547
11,scale_0.90,concat,0.10285860300064087
11,scale_1.10,layer2_flat,0.05498099327087402
11,scale_1.10,layer3_flat,0.030862867832183838
11,scale_1.10,layer4_pooled,0.008993983268737793
11,scale_1.10,concat,0.04628098011016846
11,horizontal_flip,layer2_flat,0.13254952430725098
11,horizontal_flip,layer3_flat,0.11523640155792236
11,horizontal_flip,layer4_pooled,0.012887954711914062
11,horizontal_flip,concat,0.12635588645935059
12,original,layer2_flat,5.960464477539063e-08
12,original,layer3_flat,1.1920928955078125e-07
12,original,layer4_pooled,5.960464477539063e-08
12,original,concat,5.960464477539063e-08
12,rotate_-10,layer2_flat,0.12812668085098267
12,rotate_-10,layer3_flat,0.059461772441864014
12,rotate_-10,layer4_pooled,0.01280057430267334
12,rotate_-10,concat,0.09645801782608032
12,rotate_+10,layer2_flat,0.13904982805252075
12,rotate_+10,layer3_flat,0.053687095642089844
12,rotate_+10,layer4_pooled,0.010183453559875488
12,rotate_+10,concat,0.09993153810501099
12,scale_0.90,layer2_flat,0.166145920753479
12,scale_0.90,layer3_flat,0.07817423343658447
12,scale_0.90,layer4_pooled,0.019709110260009766
12,scale_0.90,concat,0.12864112854003906
12,scale_1.10,layer2_flat,0.05935704708099365
12,scale_1.10,layer3_flat,0.04564821720123291
12,scale_1.10,layer4_pooled,0.015539050102233887
12,scale_1.10,concat,0.05302894115447998
12,horizontal_flip,layer2_flat,0.17378902435302734
12,horizontal_flip,layer3_flat,0.11983412504196167
12,horizontal_flip,layer4_pooled,0.005706667900085449
12,horizontal_flip,concat,0.14869177341461182
13,original,layer2_flat,0.0
13,original,layer3_flat,0.0
13,original,layer4_pooled,0.0
13,original,concat,0.0
13,rotate_-10,layer2_flat,0.1456812620162964
13,rotate_-10,layer3_flat,0.04924887418746948
13,rotate_-10,layer4_pooled,0.005942285060882568
13,rotate_-10,concat,0.09162282943725586
13,rotate_+10,layer2_flat,0.1626291275024414
13,rotate_+10,layer3_flat,0.05071812868118286
13,rotate_+10,layer4_pooled,0.004426300525665283
13,rotate_+10,concat,0.09993761777877808
13,scale_0.90,layer2_flat,0.17276513576507568
13,scale_0.90,layer3_flat,0.0862431526184082
13,scale_0.90,layer4_pooled,0.009357035160064697
13,scale_0.90,concat,0.12533992528915405
13,scale_1.10,layer2_flat,0.07340741157531738
13,scale_1.10,layer3_flat,0.02572411298751831
13,scale_1.10,layer4_pooled,0.0030268430709838867
13,scale_1.10,concat,0.04607796669006348
13,horizontal_flip,layer2_flat,0.23264116048812866
13,horizontal_flip,layer3_flat,0.1404070258140564
13,horizontal_flip,layer4_pooled,0.0025263428688049316
13,horizontal_flip,concat,0.18064534664154053
14,original,layer2_flat,0.0
14,original,layer3_flat,0.0
14,original,layer4_pooled,5.960464477539063e-08
14,original,concat,0.0
14,rotate_-10,layer2_flat,0.114482581615448
14,rotate_-10,layer3_flat,0.053250789642333984
14,rotate_-10,layer4_pooled,0.008350372314453125
14,rotate_-10,concat,0.085254967212677
14,rotate_+10,layer2_flat,0.11167347431182861
14,rotate_+10,layer3_flat,0.052484750747680664
14,rotate_+10,layer4_pooled,0.012244820594787598
14,rotate_+10,concat,0.08337020874023438
14,scale_0.90,layer2_flat,0.19296395778656006
14,scale_0.90,layer3_flat,0.10252463817596436
14,scale_0.90,layer4_pooled,0.013523578643798828
14,scale_0.90,concat,0.1505720615386963
14,scale_1.10,layer2_flat,0.03138542175292969
14,scale_1.10,layer3_flat,0.01561427116394043
14,scale_1.10,layer4_pooled,0.0012491941452026367
14,scale_1.10,concat,0.023843884468078613
14,horizontal_flip,layer2_flat,0.27948683500289917
14,horizontal_flip,layer3_flat,0.35981106758117676
14,horizontal_flip,layer4_pooled,0.006200909614562988
14,horizontal_flip,concat,0.3175470232963562
15,original,layer2_flat,0.0
15,original,layer3_flat,0.0
15,original,layer4_pooled,5.960464477539063e-08
15,original,concat,-2.384185791015625e-07
15,rotate_-10,layer2_flat,0.1630503535270691
15,rotate_-10,layer3_flat,0.08856481313705444
15,rotate_-10,layer4_pooled,0.02369004487991333
15,rotate_-10,concat,0.13176363706588745
15,rotate_+10,layer2_flat,0.15012907981872559
15,rotate_+10,layer3_flat,0.09116160869598389
15,rotate_+10,layer4_pooled,0.02431797981262207
15,rotate_+10,concat,0.1250724196434021
15,scale_0.90,layer2_flat,0.1875014305114746
15,scale_0.90,layer3_flat,0.09133744239807129
15,scale_0.90,layer4_pooled,0.014448761940002441
15,scale_0.90,concat,0.14806604385375977
15,scale_1.10,layer2_flat,0.05004233121871948
15,scale_1.10,layer3_flat,0.030415475368499756
15,scale_1.10,layer4_pooled,0.0035257339477539062
15,scale_1.10,concat,0.041777610778808594
15,horizontal_flip,layer2_flat,0.3499038815498352
15,horizontal_flip,layer3_flat,0.2708655595779419
15,horizontal_flip,layer4_pooled,0.02119576930999756
15,horizontal_flip,concat,0.3171837329864502
16,original,layer2_flat,-1.1920928955078125e-07
16,original,layer3_flat,0.0
16,original,layer4_pooled,1.1920928955078125e-07
16,original,concat,0.0
16,rotate_-10,layer2_flat,0.054403841495513916
16,rotate_-10,layer3_flat,0.025731205940246582
16,rotate_-10,layer4_pooled,0.001141190528869629
16,rotate_-10,concat,0.04059934616088867
16,rotate_+10,layer2_flat,0.06627732515335083
16,rotate_+10,layer3_flat,0.03623020648956299
16,rotate_+10,layer4_pooled,0.002765059471130371
16,rotate_+10,concat,0.0518680214881897
16,scale_0.90,layer2_flat,0.05321240425109863
16,scale_0.90,layer3_flat,0.020857572555541992
16,scale_0.90,layer4_pooled,0.004271328449249268
16,scale_0.90,concat,0.038080453872680664
16,scale_1.10,layer2_flat,0.03587043285369873
16,scale_1.10,layer3_flat,0.030872821807861328
16,scale_1.10,layer4_pooled,0.008036553859710693
16,scale_1.10,concat,0.0334247350692749
16,horizontal_flip,layer2_flat,0.15692317485809326
16,horizontal_flip,layer3_flat,0.12449729442596436
16,horizontal_flip,layer4_pooled,0.009719669818878174
16,horizontal_flip,concat,0.14122700691223145
17,original,layer2_flat,0.0
17,original,layer3_flat,0.0
17,original,layer4_pooled,-1.1920928955078125e-07
17,original,concat,0.0
17,rotate_-10,layer2_flat,0.14569401741027832
17,rotate_-10,layer3_flat,0.050386130809783936
17,rotate_-10,layer4_pooled,0.00680011510848999
17,rotate_-10,concat,0.0927857756614685
17,rotate_+10,layer2_flat,0.1243630051612854
17,rotate_+10,layer3_flat,0.04385274648666382
17,rotate_+10,layer4_pooled,0.0024251937866210938
17,rotate_+10,concat,0.07999968528747559
17,scale_0.90,layer2_flat,0.14568746089935303
17,scale_0.90,layer3_flat,0.062487244606018066
17,scale_0.90,layer4_pooled,0.006352066993713379
17,scale_0.90,concat,0.10187327861785889
17,scale_1.10,layer2_flat,0.06424951553344727
17,scale_1.10,layer3_flat,0.018791675567626953
17,scale_1.10,layer4_pooled,0.0010647177696228027
17,scale_1.10,concat,0.03922075033187866
17,horizontal_flip,layer2_flat,0.21125715970993042
17,horizontal_flip,layer3_flat,0.10464757680892944
17,horizontal_flip,layer4_pooled,0.002632319927215576
17,horizontal_flip,concat,0.15167111158370972
18,original,layer2_flat,5.960464477539063e-08
18,original,layer3_flat,5.960464477539063e-08
18,original,layer4_pooled,5.960464477539063e-08
18,original,concat,-1.1920928955078125e-07
18,rotate_-10,layer2_flat,0.16554516553878784
18,rotate_-10,layer3_flat,0.04720348119735718
18,rotate_-10,layer4_pooled,0.0019594430923461914
18,rotate_-10,concat,0.10198628902435303
18,rotate_+10,layer2_flat,0.1668674349784851
18,rotate_+10,layer3_flat,0.053473591804504395
18,rotate_+10,layer4_pooled,0.000741124153137207
18,rotate_+10,concat,0.105099618434906
18,scale_0.90,layer2_flat,0.1858360767364502
18,scale_0.90,layer3_flat,0.10820591449737549
18,scale_0.90,layer4_pooled,0.007864713668823242
18,scale_0.90,concat,0.1459592580795288
18,scale_1.10,layer2_flat,0.06504333019256592
18,scale_1.10,layer3_flat,0.030055701732635498
18,scale_1.10,layer4_pooled,0.0011353492736816406
18,scale_1.10,concat,0.0463864803314209
18,horizontal_flip,layer2_flat,0.19955873489379883
18,horizontal_flip,layer3_flat,0.08456647396087646
18,horizontal_flip,layer4_pooled,0.0014948248863220215
18,horizontal_flip,concat,0.1365436315536499
19,original,layer2_flat,1.1920928955078125e-07
19,original,layer3_flat,1.1920928955078125e-07
19,original,layer4_pooled,0.0
19,original,concat,-1.1920928955078125e-07
19,rotate_-10,layer2_flat,0.11228734254837036
19,rotate_-10,layer3_flat,0.07092070579528809
19,rotate_-10,layer4_pooled,0.009126722812652588
19,rotate_-10,concat,0.09404563903808594
19,rotate_+10,layer2_flat,0.11169666051864624
19,rotate_+10,layer3_flat,0.0708722472190857
19,rotate_+10,layer4_pooled,0.012059330940246582
19,rotate_+10,concat,0.09343981742858887
19,scale_0.90,layer2_flat,0.08770829439163208
19,scale_0.90,layer3_flat,0.0665273666381836
19,scale_0.90,layer4_pooled,0.02042078971862793
19,scale_0.90,concat,0.07827043533325195
19,scale_1.10,layer2_flat,0.06465733051300049
19,scale_1.10,layer3_flat,0.05715370178222656
19,scale_1.10,layer4_pooled,0.019043326377868652
19,scale_1.10,concat,0.0613555908203125
19,horizontal_flip,layer2_flat,0.21345722675323486
19,horizontal_flip,layer3_flat,0.20292305946350098
19,horizontal_flip,layer4_pooled,0.003936648368835449
19,horizontal_flip,concat,0.20873653888702393
20,original,layer2_flat,0.0
20,original,layer3_flat,0.0
20,original,layer4_pooled,0.0
20,original,concat,5.960464477539063e-08
20,rotate_-10,layer2_flat,0.09909439086914062
20,rotate_-10,layer3_flat,0.06533622741699219
20,rotate_-10,layer4_pooled,0.027253389358520508
20,rotate_-10,concat,0.08388173580169678
20,rotate_+10,layer2_flat,0.09330236911773682
20,rotate_+10,layer3_flat,0.05631488561630249
20,rotate_+10,layer4_pooled,0.014571666717529297
20,rotate_+10,concat,0.0758674144744873
20,scale_0.90,layer2_flat,0.11176431179046631
20,scale_0.90,layer3_flat,0.06712335348129272
20,scale_0.90,layer4_pooled,0.01738375425338745
20,scale_0.90,concat,0.09122270345687866
20,scale_1.10,layer2_flat,0.05203545093536377
20,scale_1.10,layer3_flat,0.03175634145736694
20,scale_1.10,layer4_pooled,0.00587773323059082
20,scale_1.10,concat,0.04250204563140869
20,horizontal_flip,layer2_flat,0.17028337717056274
20,horizontal_flip,layer3_flat,0.2092340588569641
20,horizontal_flip,layer4_pooled,0.0045455098152160645
20,horizontal_flip,concat,0.18826115131378174
21,original,layer2_flat,-1.1920928955078125e-07
21,original,layer3_flat,0.0
21,original,layer4_pooled,0.0
21,original,concat,0.0
21,rotate_-10,layer2_flat,0.1140030026435852
21,rotate_-10,layer3_flat,0.048035502433776855
21,rotate_-10,layer4_pooled,0.0023431777954101562
21,rotate_-10,concat,0.07860589027404785
21,rotate_+10,layer2_flat,0.1171799898147583
21,rotate_+10,layer3_flat,0.0674176812171936
21,rotate_+10,layer4_pooled,0.002945423126220703
21,rotate_+10,concat,0.09136658906936646
21,scale_0.90,layer2_flat,0.1441185474395752
21,scale_0.90,layer3_flat,0.08218240737915039
21,scale_0.90,layer4_pooled,0.004538059234619141
21,scale_0.90,concat,0.11219608783721924
21,scale_1.10,layer2_flat,0.04721122980117798
21,scale_1.10,layer3_flat,0.018430590629577637
21,scale_1.10,layer4_pooled,0.0018275976181030273
21,scale_1.10,concat,0.0317913293838501
21,horizontal_flip,layer2_flat,0.2270183563232422
21,horizontal_flip,layer3_flat,0.2260575294494629
21,horizontal_flip,layer4_pooled,0.001677870750427246
21,horizontal_flip,concat,0.2264605164527893
22,original,layer2_flat,-1.1920928955078125e-07
22,original,layer3_flat,1.1920928955078125e-07
22,original,layer4_pooled,5.960464477539063e-08
22,original,concat,0.0
22,rotate_-10,layer2_flat,0.11975109577178955
22,rotate_-10,layer3_flat,0.07492715120315552
22,rotate_-10,layer4_pooled,0.013895094394683838
22,rotate_-10,concat,0.10214972496032715
22,rotate_+10,layer2_flat,0.1166846752166748
22,rotate_+10,layer3_flat,0.06608462333679199
22,rotate_+10,layer4_pooled,0.022372782230377197
22,rotate_+10,concat,0.09634029865264893
22,scale_0.90,layer2_flat,0.14386910200119019
22,scale_0.90,layer3_flat,0.09245932102203369
22,scale_0.90,layer4_pooled,0.02920210361480713
22,scale_0.90,concat,0.12376093864440918
22,scale_1.10,layer2_flat,0.06825417280197144
22,scale_1.10,layer3_flat,0.03795623779296875
22,scale_1.10,layer4_pooled,0.002990126609802246
22,scale_1.10,concat,0.05617642402648926
22,horizontal_flip,layer2_flat,0.20396053791046143
22,horizontal_flip,layer3_flat,0.21761012077331543
22,horizontal_flip,layer4_pooled,0.021773934364318848
22,horizontal_flip,concat,0.20959389209747314
23,original,layer2_flat,5.960464477539063e-08
23,original,layer3_flat,0.0
23,original,layer4_pooled,0.0
23,original,concat,1.1920928955078125e-07
23,rotate_-10,layer2_flat,0.16517800092697144
23,rotate_-10,layer3_flat,0.06420361995697021
23,rotate_-10,layer4_pooled,0.0032057762145996094
23,rotate_-10,concat,0.1154944896697998
23,rotate_+10,layer2_flat,0.1478203535079956
23,rotate_+10,layer3_flat,0.05570495128631592
23,rotate_+10,layer4_pooled,0.006823599338531494
23,rotate_+10,concat,0.1016530990600586
23,scale_0.90,layer2_flat,0.180636465549469
23,scale_0.90,layer3_flat,0.07364523410797119
23,scale_0.90,layer4_pooled,0.00784158706665039
23,scale_0.90,concat,0.1291971206665039
23,scale_1.10,layer2_flat,0.10394197702407837
23,scale_1.10,layer3_flat,0.04133117198944092
23,scale_1.10,layer4_pooled,0.0024205446243286133
23,scale_1.10,concat,0.0719536542892456
23,horizontal_flip,layer2_flat,0.24901056289672852
23,horizontal_flip,layer3_flat,0.2292119860649109
23,horizontal_flip,layer4_pooled,0.026595771312713623
23,horizontal_flip,concat,0.23898327350616455
24,original,layer2_flat,5.960464477539063e-08
24,original,layer3_flat,0.0
24,original,layer4_pooled,-1.1920928955078125e-07
24,original,concat,0.0
24,rotate_-10,layer2_flat,0.12342345714569092
24,rotate_-10,layer3_flat,0.04224061965942383
24,rotate_-10,layer4_pooled,0.006826519966125488
24,rotate_-10,concat,0.08176171779632568
24,rotate_+10,layer2_flat,0.12052631378173828
24,rotate_+10,layer3_flat,0.06090676784515381
24,rotate_+10,layer4_pooled,0.012999176979064941
24,rotate_+10,concat,0.09019994735717773
24,scale_0.90,layer2_flat,0.15887463092803955
24,scale_0.90,layer3_flat,0.07968801259994507
24,scale_0.90,layer4_pooled,0.006982922554016113
24,scale_0.90,concat,0.11961287260055542
24,scale_1.10,layer2_flat,0.04361271858215332
24,scale_1.10,layer3_flat,0.01981407403945923
24,scale_1.10,layer4_pooled,0.002371847629547119
24,scale_1.10,concat,0.03129154443740845
24,horizontal_flip,layer2_flat,0.15526700019836426
24,horizontal_flip,layer3_flat,0.1105349063873291
24,horizontal_flip,layer4_pooled,0.004838526248931885
24,horizontal_flip,concat,0.1321413516998291
25,original,layer2_flat,5.960464477539063e-08
25,original,layer3_flat,0.0
25,original,layer4_pooled,1.1920928955078125e-07
25,original,concat,0.0
25,rotate_-10,layer2_flat,0.09373271465301514
25,rotate_-10,layer3_flat,0.07560545206069946
25,rotate_-10,layer4_pooled,0.01227027177810669
25,rotate_-10,concat,0.08556079864501953
25,rotate_+10,layer2_flat,0.08588624000549316
25,rotate_+10,layer3_flat,0.0515325665473938
25,rotate_+10,layer4_pooled,0.011841535568237305
25,rotate_+10,concat,0.07037067413330078
25,scale_0.90,layer2_flat,0.17331570386886597
25,scale_0.90,layer3_flat,0.12310683727264404
25,scale_0.90,layer4_pooled,0.018728256225585938
25,scale_0.90,concat,0.150640606880188
25,scale_1.10,layer2_flat,0.02734363079071045
25,scale_1.10,layer3_flat,0.01829397678375244
25,scale_1.10,layer4_pooled,0.0024657845497131348
25,scale_1.10,concat,0.023270010948181152
25,horizontal_flip,layer2_flat,0.08816736936569214
25,horizontal_flip,layer3_flat,0.1018296480178833
25,horizontal_flip,layer4_pooled,0.010345816612243652
25,horizontal_flip,concat,0.09428107738494873
26,original,layer2_flat,0.0
26,original,layer3_flat,-1.1920928955078125e-07
26,original,layer4_pooled,-1.1920928955078125e-07
26,original,concat,0.0
26,rotate_-10,layer2_flat,0.13055956363677979
26,rotate_-10,layer3_flat,0.09989845752716064
26,rotate_-10,layer4_pooled,0.008195757865905762
26,rotate_-10,concat,0.11809229850769043
26,rotate_+10,layer2_flat,0.1437385082244873
26,rotate_+10,layer3_flat,0.09141582250595093
26,rotate_+10,layer4_pooled,0.02247530221939087
26,rotate_+10,concat,0.12064385414123535
26,scale_0.90,layer2_flat,0.20038306713104248
26,scale_0.90,layer3_flat,0.13094115257263184
26,scale_0.90,layer4_pooled,0.03656965494155884
26,scale_0.90,concat,0.1698979139328003
26,scale_1.10,layer2_flat,0.05009472370147705
26,scale_1.10,layer3_flat,0.02858954668045044
26,scale_1.10,layer4_pooled,0.0083388090133667
26,scale_1.10,concat,0.04080241918563843
26,horizontal_flip,layer2_flat,0.1839662790298462
26,horizontal_flip,layer3_flat,0.2386021614074707
26,horizontal_flip,layer4_pooled,0.012725472450256348
26,horizontal_flip,concat,0.20810377597808838
27,original,layer2_flat,0.0
27,original,layer3_flat,5.960464477539063e-08
27,original,layer4_pooled,0.0
27,original,concat,0.0
27,rotate_-10,layer2_flat,0.17107897996902466
27,rotate_-10,layer3_flat,0.05717188119888306
27,rotate_-10,layer4_pooled,0.003346085548400879
27,rotate_-10,concat,0.11687415838241577
27,rotate_+10,layer2_flat,0.15761762857437134
27,rotate_+10,layer3_flat,0.06376159191131592
27,rotate_+10,layer4_pooled,0.0035943984985351562
27,rotate_+10,concat,0.11310982704162598
27,scale_0.90,layer2_flat,0.1901848316192627
27,scale_0.90,layer3_flat,0.0763351321220398
27,scale_0.90,layer4_pooled,0.01811051368713379
27,scale_0.90,concat,0.13908809423446655
27,scale_1.10,layer2_flat,0.12147784233093262
27,scale_1.10,layer3_flat,0.04547375440597534
27,scale_1.10,layer4_pooled,0.00553739070892334
27,scale_1.10,concat,0.08597195148468018
27,horizontal_flip,layer2_flat,0.17393064498901367
27,horizontal_flip,layer3_flat,0.12616264820098877
27,horizontal_flip,layer4_pooled,0.016453266143798828
27,horizontal_flip,concat,0.1520920991897583
28,original,layer2_flat,0.0
28,original,layer3_flat,0.0
28,original,layer4_pooled,0.0
28,original,concat,1.1920928955078125e-07
28,rotate_-10,layer2_flat,0.1578160524368286
28,rotate_-10,layer3_flat,0.036105990409851074
28,rotate_-10,layer4_pooled,0.0003628730773925781
28,rotate_-10,concat,0.08764863014221191
28,rotate_+10,layer2_flat,0.13842284679412842
28,rotate_+10,layer3_flat,0.03577619791030884
28,rotate_+10,layer4_pooled,0.00037664175033569336
28,rotate_+10,concat,0.08021318912506104
28,scale_0.90,layer2_flat,0.17987990379333496
28,scale_0.90,layer3_flat,0.07170671224594116
28,scale_0.90,layer4_pooled,0.002743065357208252
28,scale_0.90,concat,0.1197972297668457
28,scale_1.10,layer2_flat,0.08363687992095947
28,scale_1.10,layer3_flat,0.029358386993408203
28,scale_1.10,layer4_pooled,0.000675201416015625
28,scale_1.10,concat,0.05287814140319824
28,horizontal_flip,layer2_flat,0.23417699337005615
28,horizontal_flip,layer3_flat,0.06900787353515625
28,horizontal_flip,layer4_pooled,0.0014199018478393555
28,horizontal_flip,concat,0.13910317420959473
29,original,layer2_flat,0.0
29,original,layer3_flat,2.384185791015625e-07
29,original,layer4_pooled,5.960464477539063e-08
29,original,concat,0.0
29,rotate_-10,layer2_flat,0.11082398891448975
29,rotate_-10,layer3_flat,0.04936325550079346
29,rotate_-10,layer4_pooled,0.0033472180366516113
29,rotate_-10,concat,0.08106958866119385
29,rotate_+10,layer2_flat,0.12202829122543335
29,rotate_+10,layer3_flat,0.04003787040710449
29,rotate_+10,layer4_pooled,0.001954793930053711
29,rotate_+10,concat,0.08303225040435791
29,scale_0.90,layer2_flat,0.10587108135223389
29,scale_0.90,layer3_flat,0.061341166496276855
29,scale_0.90,layer4_pooled,0.0063835978507995605
29,scale_0.90,concat,0.08511793613433838
29,scale_1.10,layer2_flat,0.0642099380493164
29,scale_1.10,layer3_flat,0.03823649883270264
29,scale_1.10,layer4_pooled,0.007696270942687988
29,scale_1.10,concat,0.051853179931640625
29,horizontal_flip,layer2_flat,0.2674051523208618
29,horizontal_flip,layer3_flat,0.1607280969619751
29,horizontal_flip,layer4_pooled,0.0021516084671020508
29,horizontal_flip,concat,0.21544241905212402
30,original,layer2_flat,-1.1920928955078125e-07
30,original,layer3_flat,0.0
30,original,layer4_pooled,0.0
30,original,concat,-1.1920928955078125e-07
30,rotate_-10,layer2_flat,0.10196959972381592
30,rotate_-10,layer3_flat,0.052663326263427734
30,rotate_-10,layer4_pooled,0.015765070915222168
30,rotate_-10,concat,0.07594352960586548
30,rotate_+10,layer2_flat,0.10815000534057617
30,rotate_+10,layer3_flat,0.038541197776794434
30,rotate_+10,layer4_pooled,0.002610325813293457
30,rotate_+10,concat,0.07204604148864746
30,scale_0.90,layer2_flat,0.12505555152893066
30,scale_0.90,layer3_flat,0.06035339832305908
30,scale_0.90,layer4_pooled,0.005299031734466553
30,scale_0.90,concat,0.09183287620544434
30,scale_1.10,layer2_flat,0.07167959213256836
30,scale_1.10,layer3_flat,0.02734386920928955
30,scale_1.10,layer4_pooled,0.0037350058555603027
30,scale_1.10,concat,0.04882240295410156
30,horizontal_flip,layer2_flat,0.28203916549682617
30,horizontal_flip,layer3_flat,0.22558152675628662
30,horizontal_flip,layer4_pooled,0.0032116174697875977
30,horizontal_flip,concat,0.25237685441970825
31,original,layer2_flat,-2.384185791015625e-07
31,original,layer3_flat,0.0
31,original,layer4_pooled,0.0
31,original,concat,1.1920928955078125e-07
31,rotate_-10,layer2_flat,0.16394323110580444
31,rotate_-10,layer3_flat,0.0694282054901123
31,rotate_-10,layer4_pooled,0.007791042327880859
31,rotate_-10,concat,0.11588382720947266
31,rotate_+10,layer2_flat,0.1683780550956726
31,rotate_+10,layer3_flat,0.06957602500915527
31,rotate_+10,layer4_pooled,0.01297008991241455
31,rotate_+10,concat,0.11685097217559814
31,scale_0.90,layer2_flat,0.21826469898223877
31,scale_0.90,layer3_flat,0.13496828079223633
31,scale_0.90,layer4_pooled,0.016334712505340576
31,scale_0.90,concat,0.1774173378944397
31,scale_1.10,layer2_flat,0.0766139030456543
31,scale_1.10,layer3_flat,0.05227839946746826
31,scale_1.10,layer4_pooled,0.03082937002182007
31,scale_1.10,concat,0.06404232978820801
31,horizontal_flip,layer2_flat,0.18825292587280273
31,horizontal_flip,layer3_flat,0.10089361667633057
31,horizontal_flip,layer4_pooled,0.003267645835876465
31,horizontal_flip,concat,0.14188456535339355
32,original,layer2_flat,-1.1920928955078125e-07
32,original,layer3_flat,0.0
32,original,layer4_pooled,0.0
32,original,concat,0.0
32,rotate_-10,layer2_flat,0.12081140279769897
32,rotate_-10,layer3_flat,0.061925530433654785
32,rotate_-10,layer4_pooled,0.007368147373199463
32,rotate_-10,concat,0.09361273050308228
32,rotate_+10,layer2_flat,0.1308264136314392
32,rotate_+10,layer3_flat,0.07290863990783691
32,rotate_+10,layer4_pooled,0.013585925102233887
32,rotate_+10,concat,0.10353541374206543
32,scale_0.90,layer2_flat,0.1603681445121765
32,scale_0.90,layer3_flat,0.09359931945800781
32,scale_0.90,layer4_pooled,0.03372281789779663
32,scale_0.90,concat,0.12949055433273315
32,scale_1.10,layer2_flat,0.03719210624694824
32,scale_1.10,layer3_flat,0.022531330585479736
32,scale_1.10,layer4_pooled,0.0031429529190063477
32,scale_1.10,concat,0.030268728733062744
32,horizontal_flip,layer2_flat,0.18904387950897217
32,horizontal_flip,layer3_flat,0.21564257144927979
32,horizontal_flip,layer4_pooled,0.008255481719970703
32,horizontal_flip,concat,0.20144259929656982
33,original,layer2_flat,2.384185791015625e-07
33,original,layer3_flat,0.0
33,original,layer4_pooled,0.0
33,original,concat,0.0
33,rotate_-10,layer2_flat,0.1222648024559021
33,rotate_-10,layer3_flat,0.05339395999908447
33,rotate_-10,layer4_pooled,0.0056421756744384766
33,rotate_-10,concat,0.08633565902709961
33,rotate_+10,layer2_flat,0.12027716636657715
33,rotate_+10,layer3_flat,0.07092159986495972
33,rotate_+10,layer4_pooled,0.008019208908081055
33,rotate_+10,concat,0.09526538848876953
33,scale_0.90,layer2_flat,0.14869046211242676
33,scale_0.90,layer3_flat,0.09172850847244263
33,scale_0.90,layer4_pooled,0.015251994132995605
33,scale_0.90,concat,0.12002933025360107
33,scale_1.10,layer2_flat,0.055330514907836914
33,scale_1.10,layer3_flat,0.024978280067443848
33,scale_1.10,layer4_pooled,0.0010360479354858398
33,scale_1.10,concat,0.03997218608856201
33,horizontal_flip,layer2_flat,0.2639284133911133
33,horizontal_flip,layer3_flat,0.18777549266815186
33,horizontal_flip,layer4_pooled,0.0009261369705200195
33,horizontal_flip,concat,0.22470366954803467
