method,transform,representation,bp_eq2_uniform,bp_delta_from_original,bp_ratio_to_original,cp_eq1_optimized,cp_delta_from_original,cp_ratio_to_original,cp_coefficient_entropy,cp_coefficients
BP,original,layer2_flat,0.23877188563346863,0.0,1.0,0.15436120331287384,0.0,1.0,2.30588436126709,0.28846386 0.12559040 0.11796322 0.00000000 0.00000000 0.03415490 0.34247953 0.08378500 0.00756313 0.00000000
BP,original,layer3_flat,0.28987783193588257,0.0,1.0,0.22394955158233643,1.4901161193847656e-08,1.0000000665380309,2.254444122314453,0.21651474 0.17439911 0.00000000 0.16697045 0.00000000 0.00000000 0.31292951 0.00000000 0.12918623 0.00000000
BP,original,layer4_pooled,0.3921663761138916,0.0,1.0,0.16681089997291565,0.0,1.0,0.7040406465530396,0.00000000 0.00000000 0.00000000 0.00000000 0.19123155 0.00000000 0.80876845 0.00000000 0.00000000 0.00000000
BP,original,concat,0.2617526054382324,0.0,1.0,0.19162604212760925,0.0,1.0,2.3440184593200684,0.27816558 0.15359797 0.05686412 0.08155940 0.00000000 0.00000000 0.35459590 0.03222985 0.04298715 0.00000000
BP,rotate_-10,layer2_flat,0.2805532217025757,0.041781336069107056,1.174984320109903,0.17080865800380707,0.016447454690933228,1.1065517392831503,2.1901705265045166,0.27839294 0.15408222 0.12603609 0.00000000 0.00000000 0.02049946 0.37050867 0.04622273 0.00425783 0.00000000
BP,rotate_-10,layer3_flat,0.3245437443256378,0.03466591238975525,1.1195880076724989,0.23922930657863617,0.015279769897460938,1.0682286291984864,2.1637825965881348,0.16443215 0.26252463 0.00000000 0.15673897 0.00000000 0.00000000 0.34114298 0.00000000 0.07516129 0.00000000
BP,rotate_-10,layer4_pooled,0.4491020143032074,0.056935638189315796,1.1451823553904978,0.16249001026153564,-0.004320889711380005,0.9740970781162642,0.9131103754043579,0.00000000 0.15345278 0.00000000 0.00000000 0.05527553 0.00000000 0.79127181 0.00000000 0.00000000 0.00000000
BP,rotate_-10,concat,0.30041977763175964,0.03866717219352722,1.1477241157872793,0.20700392127037048,0.01537787914276123,1.080249422113725,2.1766457557678223,0.25138682 0.21118657 0.06479439 0.06633278 0.00000000 0.00000000 0.37511361 0.00000000 0.03118586 0.00000000
BP,rotate_+10,layer2_flat,0.2962574362754822,0.05748555064201355,1.2407551060262474,0.1818688064813614,0.02750760316848755,1.178202829324635,2.277594804763794,0.21624985 0.19164398 0.08689508 0.02308019 0.00000000 0.03421181 0.40048072 0.04636861 0.00106980 0.00000000
BP,rotate_+10,layer3_flat,0.3318239152431488,0.041946083307266235,1.144702625333556,0.23043519258499146,0.006485655903816223,1.0289603452630516,2.0742082595825195,0.19552407 0.19552936 0.00000000 0.16499463 0.00000000 0.00000000 0.40073755 0.00000000 0.04321434 0.00000000
BP,rotate_+10,layer4_pooled,0.4414626657962799,0.049296289682388306,1.1257024892617162,0.16109511256217957,-0.005715787410736084,0.965734928523077,0.6054417490959167,0.00000000 0.02300275 0.00000000 0.00000000 0.08425640 0.00000000 0.88919187 0.00354913 0.00000000 0.00000000
BP,rotate_+10,concat,0.3124420642852783,0.0506894588470459,1.1936540756184135,0.20705196261405945,0.015425920486450195,1.0805001257402016,2.094191789627075,0.22927584 0.20055050 0.03663327 0.09953501 0.00000000 0.00000000 0.41481024 0.00000000 0.01919516 0.00000000
BP,scale_0.90,layer2_flat,0.304837703704834,0.06606581807136536,1.2766901048497152,0.19673974812030792,0.04237854480743408,1.2745414255501928,2.3924827575683594,0.24773112 0.24567533 0.09129338 0.02878460 0.01117619 0.05252000 0.30201641 0.02080306 0.00000000 0.00000000
BP,scale_0.90,layer3_flat,0.3301967680454254,0.04031893610954285,1.1390894082522385,0.236857071518898,0.012907534837722778,1.057635907753812,2.1858131885528564,0.16933054 0.25501442 0.00000000 0.14037937 0.00000000 0.00000000 0.34038699 0.00000000 0.09488871 0.00000000
BP,scale_0.90,layer4_pooled,0.4962642192840576,0.10409784317016602,1.2654430606760352,0.11964748799800873,-0.04716341197490692,0.7172642076609987,0.9518029689788818,0.10595462 0.10415918 0.00000000 0.00000000 0.00000000 0.00000000 0.78988618 0.00000000 0.00000000 0.00000000
BP,scale_0.90,concat,0.31637099385261536,0.054618388414382935,1.2086641633336594,0.21965304017066956,0.028026998043060303,1.146258816034253,2.183357000350952,0.23973210 0.25901133 0.02479411 0.09927061 0.00833652 0.00000000 0.34350345 0.00000000 0.02535191 0.00000000
BP,scale_1.10,layer2_flat,0.2537137269973755,0.01494184136390686,1.0625778923854587,0.15545465052127838,0.001093447208404541,1.0070836919182415,2.258453845977783,0.26265028 0.13262747 0.11220688 0.00000000 0.00000000 0.03844455 0.37026724 0.08380359 0.00000000 0.00000000
BP,scale_1.10,layer3_flat,0.30001184344291687,0.010134011507034302,1.034959594665524,0.22190265357494354,-0.0020468831062316895,0.990860069922196,2.22265625,0.17113073 0.19327518 0.00000000 0.17642805 0.00000000 0.00000000 0.34511593 0.00000000 0.11405013 0.00000000
BP,scale_1.10,layer4_pooled,0.4119502604007721,0.019783884286880493,1.0504476811165588,0.14486660063266754,-0.021944299340248108,0.8684480489963212,0.6134178042411804,0.00000000 0.00000000 0.00000000 0.00000000 0.15143424 0.00000000 0.84856582 0.00000000 0.00000000 0.00000000
BP,scale_1.10,concat,0.27490174770355225,0.013149142265319824,1.0502350005007781,0.1924043446779251,0.0007783025503158569,1.0040615698245936,2.3021910190582275,0.24544013 0.16753556 0.04618214 0.08950792 0.00000000 0.00000000 0.38487929 0.03499648 0.03145849 0.00000000
BP,horizontal_flip,layer2_flat,0.23832477629184723,-0.0004471093416213989,0.9981274623667132,0.16181333363056183,0.007452130317687988,1.0482772235361175,2.5126466751098633,0.25530362 0.16072406 0.18027782 0.02331910 0.03023327 0.04429145 0.28036419 0.02267096 0.00281548 0.00000000
BP,horizontal_flip,layer3_flat,0.2933183014392853,0.00344046950340271,1.011868687855206,0.23352734744548798,0.009577810764312744,1.0427677185950395,2.452202081680298,0.11672590 0.19715710 0.00000000 0.22083482 0.13226324 0.00000000 0.26995873 0.00000000 0.06306016 0.00000000
BP,horizontal_flip,layer4_pooled,0.39624854922294617,0.004082173109054565,1.0104092889081817,0.15357977151870728,-0.013231128454208374,0.9206818711710246,0.6572628021240234,0.00000000 0.00000000 0.00000000 0.00000000 0.16980690 0.00000000 0.83019310 0.00000000 0.00000000 0.00000000
BP,horizontal_flip,concat,0.26223400235176086,0.0004813969135284424,1.0018391294051139,0.20140795409679413,0.009781911969184875,1.051046882044455,2.4698305130004883,0.22272122 0.18465447 0.08680327 0.11625908 0.07170004 0.00000000 0.30621767 0.00000000 0.01164427 0.00000000
MSP,original,layer2_flat,0.12003523111343384,0.0,1.0,0.0825716182589531,7.450580596923828e-09,1.0000000902317459,2.4816296100616455,0.18975766 0.19305681 0.08451039 0.00548067 0.05379631 0.01752027 0.36392429 0.08054024 0.01141326 0.00000000
MSP,original,layer3_flat,0.19953857362270355,0.0,1.0,0.1369587779045105,0.0,1.0,2.151538848876953,0.19374335 0.27965066 0.00000000 0.07460205 0.01550887 0.00000000 0.36358497 0.00000000 0.07291002 0.00000000
MSP,original,layer4_pooled,0.2595140337944031,0.0,1.0,0.11114300042390823,0.0,1.0,1.3484916687011719,0.34157667 0.10725277 0.00000000 0.00000000 0.00000000 0.00000000 0.55117053 0.00000000 0.00000000 0.00000000
MSP,original,concat,0.15576079487800598,0.0,1.0,0.1085875853896141,7.450580596923828e-09,1.0000000686135628,2.3568809032440186,0.19354083 0.23743859 0.00675782 0.05650844 0.03808688 0.00000000 0.37298781 0.05887163 0.03580789 0.00000000
MSP,rotate_-10,layer2_flat,0.16557443141937256,0.04553920030593872,1.3793819521414057,0.10879573971033096,0.026224128901958466,1.3175925556605688,2.1837613582611084,0.17357053 0.22299130 0.05189589 0.00000000 0.00000000 0.04069722 0.43562433 0.06220846 0.01301226 0.00000000
MSP,rotate_-10,layer3_flat,0.24217592179775238,0.04263734817504883,1.2136797281885745,0.15439018607139587,0.017431408166885376,1.1272748518456517,1.7687304019927979,0.12067188 0.43369281 0.00000000 0.07371116 0.00000000 0.00000000 0.36124882 0.00000000 0.01067540 0.00000000
MSP,rotate_-10,layer4_pooled,0.30545246601104736,0.04593843221664429,1.1770171406331784,0.12526896595954895,0.014125965535640717,1.1270972124347558,1.3840727806091309,0.10807998 0.42144838 0.00000000 0.00000000 0.00000000 0.00000000 0.47047159 0.00000000 0.00000000 0.00000000
MSP,rotate_-10,concat,0.20013335347175598,0.04437255859375,1.28487629784002,0.1318545788526535,0.023267000913619995,1.2142694528693603,1.9264776706695557,0.17059882 0.34765938 0.00000000 0.02923279 0.00110053 0.00000000 0.39959541 0.02855748 0.02325557 0.00000000
MSP,rotate_+10,layer2_flat,0.17875374853610992,0.058718517422676086,1.4891773596594957,0.12348703294992447,0.04091542214155197,1.4955143994466893,2.2839088439941406,0.12300055 0.32536757 0.02113780 0.04015512 0.02944456 0.03853148 0.38369301 0.01982997 0.01883996 0.00000000
MSP,rotate_+10,layer3_flat,0.2473212480545044,0.04778267443180084,1.2394658514594326,0.15494826436042786,0.01798948645591736,1.1313496420676923,1.8202171325683594,0.14168076 0.32447141 0.00000000 0.12003699 0.00000000 0.00000000 0.41381088 0.00000000 0.00000000 0.00000000
MSP,rotate_+10,layer4_pooled,0.31196513772010803,0.052451103925704956,1.202112784262976,0.12844225764274597,0.017299257218837738,1.1556486432137099,1.2610973119735718,0.07027949 0.35825089 0.00000000 0.00000000 0.00000000 0.00000000 0.57146960 0.00000000 0.00000000 0.00000000
MSP,rotate_+10,concat,0.20991607010364532,0.05415527522563934,1.347682324475211,0.13867151737213135,0.03008393943309784,1.2770477065959738,1.947586178779602,0.13892621 0.33935851 0.00000000 0.09039837 0.00935734 0.00000000 0.40080541 0.00000000 0.02115408 0.00000000
MSP,scale_0.90,layer2_flat,0.19767998158931732,0.07764475047588348,1.646849677007428,0.15098236501216888,0.06841075420379639,1.8285021151123195,2.346950054168701,0.12417812 0.36831319 0.07446618 0.07862215 0.00000000 0.05714135 0.27372122 0.00000000 0.02355784 0.00000000
MSP,scale_0.90,layer3_flat,0.25092747807502747,0.051388904452323914,1.2575386980024965,0.15431629121303558,0.017357513308525085,1.1267353109743738,1.6496458053588867,0.02696539 0.51807886 0.00000000 0.10251456 0.00000000 0.00000000 0.32173684 0.00000000 0.03070434 0.00000000
MSP,scale_0.90,layer4_pooled,0.3071725070476532,0.04765847325325012,1.1836450713521849,0.07324796169996262,-0.03789503872394562,0.6590425075886923,0.9984836578369141,0.00000000 0.52292061 0.00000000 0.00000000 0.00000000 0.00000000 0.47707939 0.00000000 0.00000000 0.00000000
MSP,scale_0.90,concat,0.22184646129608154,0.06608566641807556,1.4242766382221566,0.15441536903381348,0.04582779109477997,1.4220353005763509,1.8868117332458496,0.09493253 0.45908520 0.00000000 0.10925087 0.00000000 0.00000000 0.29882148 0.00000000 0.03790994 0.00000000
MSP,scale_1.10,layer2_flat,0.1349869817495346,0.014951750636100769,1.1245613516738826,0.08954738825559616,0.006975777447223663,1.084481547336265,2.4267187118530273,0.15227778 0.17394143 0.05998463 0.01554154 0.00703036 0.05338254 0.41708809 0.10515133 0.01560243 0.00000000
MSP,scale_1.10,layer3_flat,0.21209725737571716,0.01255868375301361,1.0629386264767893,0.13833849132061005,0.0013797134160995483,1.0100739320049381,2.0739850997924805,0.14975017 0.27547607 0.00000000 0.08994559 0.00000000 0.00000000 0.41404250 0.01003483 0.06075089 0.00000000
MSP,scale_1.10,layer4_pooled,0.27276378870010376,0.013249754905700684,1.0510560246470007,0.09888985008001328,-0.012253150343894958,0.8897532881328539,1.3549950122833252,0.27395272 0.13728777 0.00000000 0.00000000 0.00000000 0.00000000 0.58875948 0.00000000 0.00000000 0.00000000
MSP,scale_1.10,concat,0.17024600505828857,0.014485210180282593,1.092996509112159,0.11336949467658997,0.0047819167375564575,1.044037419641105,2.2155492305755615,0.15372902 0.23214814 0.00000000 0.06652714 0.00447930 0.00240788 0.42211136 0.08253411 0.03606305 0.00000000
MSP,horizontal_flip,layer2_flat,0.13167093694210052,0.011635705828666687,1.0969357556163986,0.10334113240242004,0.020769521594047546,1.2515334434009862,2.6105360984802246,0.21313772 0.21702720 0.12286048 0.03485960 0.09945088 0.05718950 0.24848785 0.00000000 0.00698680 0.00000000
MSP,horizontal_flip,layer3_flat,0.1985042244195938,-0.0010343492031097412,0.9948162944922101,0.14351090788841248,0.0065521299839019775,1.0478401609893333,2.3314499855041504,0.11415714 0.32775053 0.00000000 0.13037731 0.12357403 0.00000000 0.26504174 0.00000000 0.03909926 0.00000000
MSP,horizontal_flip,layer4_pooled,0.25888678431510925,-0.0006272494792938232,0.9975829843568755,0.09203033149242401,-0.019112668931484222,0.8280353341333686,0.9341882467269897,0.35013464 0.00000000 0.00000000 0.00000000 0.00000000 0.00000000 0.64986533 0.00000000 0.00000000 0.00000000
MSP,horizontal_flip,concat,0.16071084141731262,0.004950046539306641,1.0317797976259162,0.12323307991027832,0.014645501971244812,1.1348727197813793,2.4353044033050537,0.17663853 0.28237310 0.02585319 0.09989230 0.12519772 0.00000000 0.26679492 0.00000000 0.02325014 0.00000000
